subject_id_temporary	subject_label	predicate_id	object_id	object_label	mapping_justification	mapping_date	author_id	subject_source	subject_source_version	object_source	object_source_version	mapping_cardinality	confidence	comment
mbmvh01	Area 10	skos:exactMatch	UBERON:0013541	Brodmann (1909) area 10	HumanCuration	7/5/2022	orcid:0000-0002-6136-4102	Liu C, et al. Marmoset Brain Mapping V3: Population multi-modal standard volumetric and surface-based templates. Neuroimage (2021) doi:10.1016/j.neuroimage.2020.117620.	July 2022	http://purl.obolibrary.org/obo/UBERON_0013541	http://purl.obolibrary.org/obo/uberon/releases/2022-06-20/uberon.owl	1:1	1	
mbmvh02	Area 9	skos:exactMatch	UBERON:0013540	Brodmann (1909) area 9	HumanCuration	7/5/2022	orcid:0000-0002-6136-4102	Liu C, et al. Marmoset Brain Mapping V3: Population multi-modal standard volumetric and surface-based templates. Neuroimage (2021) doi:10.1016/j.neuroimage.2020.117620.	July 2022	http://purl.obolibrary.org/obo/UBERON_0013540	http://purl.obolibrary.org/obo/uberon/releases/2022-06-20/uberon.owl	1:1	1	
mbmvh03	Area 46	skos:exactMatch	UBERON:0006483	Brodmann (1909) area 46	HumanCuration	7/5/2022	orcid:0000-0002-6136-4102	Liu C, et al. Marmoset Brain Mapping V3: Population multi-modal standard volumetric and surface-based templates. Neuroimage (2021) doi:10.1016/j.neuroimage.2020.117620.	July 2022	http://purl.obolibrary.org/obo/UBERON_0006483	http://purl.obolibrary.org/obo/uberon/releases/2022-06-20/uberon.owl	1:1	1	
mbmvh04	Area 8a	skos:broadMatch	UBERON:0013539	Brodmann (1909) area 8	HumanCuration	7/5/2022	orcid:0000-0002-6136-4102	Liu C, et al. Marmoset Brain Mapping V3: Population multi-modal standard volumetric and surface-based templates. Neuroimage (2021) doi:10.1016/j.neuroimage.2020.117620.	July 2022	http://purl.obolibrary.org/obo/UBERON_0013539	http://purl.obolibrary.org/obo/uberon/releases/2022-06-20/uberon.owl	1:1	0.9	UBERON does not parcellate entity further and it is not clear what is meant by a and b 
mbmvh05	Area 8b	skos:broadMatch	UBERON:0013539	Brodmann (1909) area 8	HumanCuration	7/5/2022	orcid:0000-0002-6136-4102	Liu C, et al. Marmoset Brain Mapping V3: Population multi-modal standard volumetric and surface-based templates. Neuroimage (2021) doi:10.1016/j.neuroimage.2020.117620.	July 2022	http://purl.obolibrary.org/obo/UBERON_0013539	http://purl.obolibrary.org/obo/uberon/releases/2022-06-20/uberon.owl	1:1	0.9	UBERON does not parcellate entity further and it is not clear what is meant by a and b 
mbmvh06	Area 47 lateral	skos:broadMatch	UBERON:0006484	Brodmann (1909) area 47	HumanCuration	7/5/2022	orcid:0000-0002-6136-4102	Liu C, et al. Marmoset Brain Mapping V3: Population multi-modal standard volumetric and surface-based templates. Neuroimage (2021) doi:10.1016/j.neuroimage.2020.117620.	July 2022	http://purl.obolibrary.org/obo/UBERON_0006484	http://purl.obolibrary.org/obo/uberon/releases/2022-06-20/uberon.owl	1:1	1	UBERON does not parcellate entity further
mbmvh07	Area 47 medial	skos:broadMatch	UBERON:0006484	Brodmann (1909) area 47	HumanCuration	7/5/2022	orcid:0000-0002-6136-4102	Liu C, et al. Marmoset Brain Mapping V3: Population multi-modal standard volumetric and surface-based templates. Neuroimage (2021) doi:10.1016/j.neuroimage.2020.117620.	July 2022	http://purl.obolibrary.org/obo/UBERON_0006484	http://purl.obolibrary.org/obo/uberon/releases/2022-06-20/uberon.owl	1:1	1	UBERON does not parcellate entity further
mbmvh08	Area 45	skos:exactMatch	UBERON:0006482	Brodmann (1909) area 45	HumanCuration	7/5/2022	orcid:0000-0002-6136-4102	Liu C, et al. Marmoset Brain Mapping V3: Population multi-modal standard volumetric and surface-based templates. Neuroimage (2021) doi:10.1016/j.neuroimage.2020.117620.	July 2022	http://purl.obolibrary.org/obo/UBERON_0006482	http://purl.obolibrary.org/obo/uberon/releases/2022-06-20/uberon.owl	1:1	1	
mbmvh09	Proisocortical motor region (precentral opercular cortex)	skos:exactMatch	UBERON:0002605	precentral operculum	HumanCuration	7/1/2022	orcid:0000-0002-6136-4102	Liu C, et al. Marmoset Brain Mapping V3: Population multi-modal standard volumetric and surface-based templates. Neuroimage (2021) doi:10.1016/j.neuroimage.2020.117620.	July 2022	http://purl.obolibrary.org/obo/UBERON_0002605	http://purl.obolibrary.org/obo/uberon/releases/2022-06-20/uberon.owl	1:1	0.85	not sure what is meant by prosiocortical motor region
mbmvh10	Area 32 ventral	skos:broadMatch	UBERON:0013560	Brodmann (1909) area 32	HumanCuration	7/5/2022	orcid:0000-0002-6136-4102	Liu C, et al. Marmoset Brain Mapping V3: Population multi-modal standard volumetric and surface-based templates. Neuroimage (2021) doi:10.1016/j.neuroimage.2020.117620.	July 2022	http://purl.obolibrary.org/obo/UBERON_0013560	http://purl.obolibrary.org/obo/uberon/releases/2022-06-20/uberon.owl	1:1	1	UBERON does not parcellate entity further
mbmvh11	Area 32 dorsal	skos:broadMatch	UBERON:0013560	Brodmann (1909) area 32	HumanCuration	7/5/2022	orcid:0000-0002-6136-4102	Liu C, et al. Marmoset Brain Mapping V3: Population multi-modal standard volumetric and surface-based templates. Neuroimage (2021) doi:10.1016/j.neuroimage.2020.117620.	July 2022	http://purl.obolibrary.org/obo/UBERON_0013561	http://purl.obolibrary.org/obo/uberon/releases/2022-06-20/uberon.owl	1:1	1	UBERON does not parcellate entity further
mbmvh12	Area 14	skos:exactMatch	UBERON:0013545	Brodmann (1909) area 14	HumanCuration	7/5/2022	orcid:0000-0002-6136-4102	Liu C, et al. Marmoset Brain Mapping V3: Population multi-modal standard volumetric and surface-based templates. Neuroimage (2021) doi:10.1016/j.neuroimage.2020.117620.	July 2022	http://purl.obolibrary.org/obo/UBERON_0013545	http://purl.obolibrary.org/obo/uberon/releases/2022-06-20/uberon.owl	1:1	1	UBERON does not parcellate entity further
mbmvh13	Area 24a	skos:broadMatch	UBERON:0006101	Brodmann (1909) area 24	HumanCuration	7/5/2022	orcid:0000-0002-6136-4102	Liu C, et al. Marmoset Brain Mapping V3: Population multi-modal standard volumetric and surface-based templates. Neuroimage (2021) doi:10.1016/j.neuroimage.2020.117620.	July 2022	http://purl.obolibrary.org/obo/UBERON_0006101	http://purl.obolibrary.org/obo/uberon/releases/2022-06-20/uberon.owl	1:1	0.8	UBERON does not parcellate entity further & it is not clear what is meant by areas a, b, and cd
mbmvh14	Area 24b	skos:broadMatch	UBERON:0006101	Brodmann (1909) area 24	HumanCuration	7/5/2022	orcid:0000-0002-6136-4102	Liu C, et al. Marmoset Brain Mapping V3: Population multi-modal standard volumetric and surface-based templates. Neuroimage (2021) doi:10.1016/j.neuroimage.2020.117620.	July 2022	http://purl.obolibrary.org/obo/UBERON_0006102	http://purl.obolibrary.org/obo/uberon/releases/2022-06-20/uberon.owl	1:1	0.8	UBERON does not parcellate entity further & it is not clear what is meant by areas a, b, and cd
mbmvh15	Area 24cd	skos:broadMatch	UBERON:0006101	Brodmann (1909) area 24	HumanCuration	7/5/2022	orcid:0000-0002-6136-4102	Liu C, et al. Marmoset Brain Mapping V3: Population multi-modal standard volumetric and surface-based templates. Neuroimage (2021) doi:10.1016/j.neuroimage.2020.117620.	July 2022	http://purl.obolibrary.org/obo/UBERON_0006103	http://purl.obolibrary.org/obo/uberon/releases/2022-06-20/uberon.owl	1:1	0.8	UBERON does not parcellate entity further & it is not clear what is meant by areas a, b, and cd
mbmvh16	Area 25	skos:exactMatch	UBERON:0013556	Brodmann (1909) area 25	HumanCuration	7/5/2022	orcid:0000-0002-6136-4102	Liu C, et al. Marmoset Brain Mapping V3: Population multi-modal standard volumetric and surface-based templates. Neuroimage (2021) doi:10.1016/j.neuroimage.2020.117620.	July 2022	http://purl.obolibrary.org/obo/UBERON_0013556	http://purl.obolibrary.org/obo/uberon/releases/2022-06-20/uberon.owl	1:1	0.6	mapped to UBEROn on the basis that the other entities labelled "area" correspond to Brodmann areas but this does not appear to correspond to the mPFC
mbmvh17	Area 11 lateral	skos:broadMatch	UBERON:0013528	Brodmann (1909) area 11	HumanCuration	7/5/2022	orcid:0000-0002-6136-4102	Liu C, et al. Marmoset Brain Mapping V3: Population multi-modal standard volumetric and surface-based templates. Neuroimage (2021) doi:10.1016/j.neuroimage.2020.117620.	July 2022	http://purl.obolibrary.org/obo/UBERON_0013528	http://purl.obolibrary.org/obo/uberon/releases/2022-06-20/uberon.owl	1:1	1	UBERON does not parcellate entity further
mbmvh18	Area 11 medial	skos:broadMatch	UBERON:0013528	Brodmann (1909) area 11	HumanCuration	7/5/2022	orcid:0000-0002-6136-4102	Liu C, et al. Marmoset Brain Mapping V3: Population multi-modal standard volumetric and surface-based templates. Neuroimage (2021) doi:10.1016/j.neuroimage.2020.117620.	July 2022	http://purl.obolibrary.org/obo/UBERON_0013528	http://purl.obolibrary.org/obo/uberon/releases/2022-06-20/uberon.owl	1:1	1	UBERON does not parcellate entity further
mbmvh19	Area 13 lateral	skos:broadMatch	UBERON:0013544	Brodmann (1909) area 13	HumanCuration	7/5/2022	orcid:0000-0002-6136-4102	Liu C, et al. Marmoset Brain Mapping V3: Population multi-modal standard volumetric and surface-based templates. Neuroimage (2021) doi:10.1016/j.neuroimage.2020.117620.	July 2022	http://purl.obolibrary.org/obo/UBERON_0013544	http://purl.obolibrary.org/obo/uberon/releases/2022-06-20/uberon.owl	1:1	1	UBERON does not parcellate entity further
mbmvh20	Area 13 medial	skos:broadMatch	UBERON:0013544	Brodmann (1909) area 13	HumanCuration	7/5/2022	orcid:0000-0002-6136-4102	Liu C, et al. Marmoset Brain Mapping V3: Population multi-modal standard volumetric and surface-based templates. Neuroimage (2021) doi:10.1016/j.neuroimage.2020.117620.	July 2022	http://purl.obolibrary.org/obo/UBERON_0013544	http://purl.obolibrary.org/obo/uberon/releases/2022-06-20/uberon.owl	1:1	1	UBERON does not parcellate entity further
mbmvh21	Gustatory cortex	skos:broadMatch	UBERON:0002947	frontal operculum	HumanCuration	7/1/2022	orcid:0000-0002-6136-4102	Liu C, et al. Marmoset Brain Mapping V3: Population multi-modal standard volumetric and surface-based templates. Neuroimage (2021) doi:10.1016/j.neuroimage.2020.117620.	July 2022	http://purl.obolibrary.org/obo/UBERON_0002947	http://purl.obolibrary.org/obo/uberon/releases/2022-06-20/uberon.owl	1:2	0.8	"because of its composition, the primary gustatory cortex is sometimes referred to in literature as the AI/FO (anterior insula/ frontal operculum)". Chose to map it to both UBERON:0002947 (frontal operculum) and UBERON:0034891 (insular cortex)  https://psycnet.apa.org/doiLanding?doi=10.1037%2F0735-7044.113.4.663
mbmvh21	Gustatory cortex	skos:broadMatch	UBERON:0034891	insular cortex	HumanCuration	7/1/2022	orcid:0000-0002-6136-4102	Liu C, et al. Marmoset Brain Mapping V3: Population multi-modal standard volumetric and surface-based templates. Neuroimage (2021) doi:10.1016/j.neuroimage.2020.117620.	July 2022	http://purl.obolibrary.org/obo/UBERON_0034891	http://purl.obolibrary.org/obo/uberon/releases/2022-06-20/uberon.owl	1:2	0.8	"because of its composition, the primary gustatory cortex is sometimes referred to in literature as the AI/FO (anterior insula/ frontal operculum)". Chose to map it to both UBERON:0002947 (frontal operculum) and UBERON:0034891 (insular cortex)  https://psycnet.apa.org/doiLanding?doi=10.1037%2F0735-7044.113.4.663
mbmvh22	Orbital proisocortex	skos:narrowMatch	UBERON:0014951	proisocortex	HumanCuration	7/1/2022	orcid:0000-0002-6136-4102	Liu C, et al. Marmoset Brain Mapping V3: Population multi-modal standard volumetric and surface-based templates. Neuroimage (2021) doi:10.1016/j.neuroimage.2020.117620.	July 2022	http://purl.obolibrary.org/obo/UBERON_0014951	http://purl.obolibrary.org/obo/uberon/releases/2022-06-20/uberon.owl	1:2	0.7	There are several structures that qualify as a perillocortex. Recommendation to UBERON to include specific regional ones
mbmvh22	Orbital periallocortex	skos:narrowMatch	UBERONUBERON:0014736 	periallocortex	HumanCuration	7/1/2022	orcid:0000-0002-6136-4102	Liu C, et al. Marmoset Brain Mapping V3: Population multi-modal standard volumetric and surface-based templates. Neuroimage (2021) doi:10.1016/j.neuroimage.2020.117620.	July 2022	http://purl.obolibrary.org/obo/UBERON_0014736	http://purl.obolibrary.org/obo/uberon/releases/2022-06-20/uberon.owl	1:2	0.7	This is a general term that represents transitional areas of a certain kind. Recommendation to UBERON to include more regionally specific subtypes
mbmvh23	Area 6 dorsal	skos:broadMatch	UBERON:0016634	premotor cortex	HumanCuration	7/5/2022	orcid:0000-0002-6136-4102	Liu C, et al. Marmoset Brain Mapping V3: Population multi-modal standard volumetric and surface-based templates. Neuroimage (2021) doi:10.1016/j.neuroimage.2020.117620.	July 2022	http://purl.obolibrary.org/obo/UBERON_0016634	http://purl.obolibrary.org/obo/uberon/releases/2022-06-20/uberon.owl	1:1	1	UBERON does not parcellate entity further
mbmvh24	Area 6 medial	skos:broadMatch	UBERON:0016634	premotor cortex	HumanCuration	7/5/2022	orcid:0000-0002-6136-4102	Liu C, et al. Marmoset Brain Mapping V3: Population multi-modal standard volumetric and surface-based templates. Neuroimage (2021) doi:10.1016/j.neuroimage.2020.117620.	July 2022	http://purl.obolibrary.org/obo/UBERON_0016634	http://purl.obolibrary.org/obo/uberon/releases/2022-06-20/uberon.owl	1:1	1	UBERON does not parcellate entity further
mbmvh25	Area ventral							Liu C, et al. Marmoset Brain Mapping V3: Population multi-modal standard volumetric and surface-based templates. Neuroimage (2021) doi:10.1016/j.neuroimage.2020.117620.	July 2022			1:1		
mbmvh26	Area 4 medal	skos:broadMatch	UBERON:0001384	primary motor cortex	HumanCuration	7/5/2022	orcid:0000-0002-6136-4102	Liu C, et al. Marmoset Brain Mapping V3: Population multi-modal standard volumetric and surface-based templates. Neuroimage (2021) doi:10.1016/j.neuroimage.2020.117620.	July 2022	http://purl.obolibrary.org/obo/UBERON_0001384	http://purl.obolibrary.org/obo/uberon/releases/2022-06-20/uberon.owl	1:1	1	UBERON does not parcellate entity into lateral and medial
mbmvh27	Area 4 lateral	skos:broadMatch	UBERON:0001384	primary motor cortex	HumanCuration	7/5/2022	orcid:0000-0002-6136-4102	Liu C, et al. Marmoset Brain Mapping V3: Population multi-modal standard volumetric and surface-based templates. Neuroimage (2021) doi:10.1016/j.neuroimage.2020.117620.	July 2022	http://purl.obolibrary.org/obo/UBERON_0001384	http://purl.obolibrary.org/obo/uberon/releases/2022-06-20/uberon.owl	1:1	1	UBERON does not parcellate entity into lateral and medial
mbmvh28	Primary somatosensory medial	skos:broadMatch	UBERON:0008933	primary somatosensory cortex	HumanCurated	7/1/2022	orcid:0000-0002-6136-4102	Liu C, et al. Marmoset Brain Mapping V3: Population multi-modal standard volumetric and surface-based templates. Neuroimage (2021) doi:10.1016/j.neuroimage.2020.117620.	July 2022	http://purl.obolibrary.org/obo/UBERON_0008933	http://purl.obolibrary.org/obo/uberon/releases/2022-06-20/uberon.owl	1:1	1	broadly matched to UBERON:0008933 as it does not capture more parcellated areas of the primary somatosensory cortex
mbmvh29	Primary somatosensory dorsal	skos:broadMatch	UBERON:0008934	primary somatosensory cortex	HumanCurated	7/1/2022	orcid:0000-0002-6136-4102	Liu C, et al. Marmoset Brain Mapping V3: Population multi-modal standard volumetric and surface-based templates. Neuroimage (2021) doi:10.1016/j.neuroimage.2020.117620.	July 2022	http://purl.obolibrary.org/obo/UBERON_0008934	http://purl.obolibrary.org/obo/uberon/releases/2022-06-20/uberon.owl	1:1	1	broadly matched to UBERON:0008933 as it does not capture more parcellated areas of the primary somatosensory cortex
mbmvh30	Primary somatosensory ventral	skos:broadMatch	UBERON:0008935	primary somatosensory cortex	HumanCurated	7/1/2022	orcid:0000-0002-6136-4102	Liu C, et al. Marmoset Brain Mapping V3: Population multi-modal standard volumetric and surface-based templates. Neuroimage (2021) doi:10.1016/j.neuroimage.2020.117620.	July 2022	http://purl.obolibrary.org/obo/UBERON_0008935	http://purl.obolibrary.org/obo/uberon/releases/2022-06-20/uberon.owl	1:1	1	broadly matched to UBERON:0008933 as it does not capture more parcellated areas of the primary somatosensory cortex
mbmvh31	Secondary somatosensory area a	skos:broadMatch	UBERON:0008934	secondary somatosensory cortex	HumanCurated	7/1/2022	orcid:0000-0002-6136-4102	Liu C, et al. Marmoset Brain Mapping V3: Population multi-modal standard volumetric and surface-based templates. Neuroimage (2021) doi:10.1016/j.neuroimage.2020.117620.	July 2022	http://purl.obolibrary.org/obo/UBERON_00089344	http://purl.obolibrary.org/obo/uberon/releases/2022-06-20/uberon.owl	1:1	1	broadly matched to UBERON:0008934 (secondary somatosensory cortex) as it does not capture more parcellated areas of the secondary somatosensory cortex
mbmvh32	Secondary somatosensory area b	skos:broadMatch	UBERON:0008935	secondary somatosensory cortex	HumanCurated	7/1/2022	orcid:0000-0002-6136-4102	Liu C, et al. Marmoset Brain Mapping V3: Population multi-modal standard volumetric and surface-based templates. Neuroimage (2021) doi:10.1016/j.neuroimage.2020.117620.	July 2022	http://purl.obolibrary.org/obo/UBERON_00089345	http://purl.obolibrary.org/obo/uberon/releases/2022-06-20/uberon.owl	1:1	1	broadly matched to UBERON:0008934 (secondary somatosensory cortex) as it does not capture more parcellated areas of the secondary somatosensory cortex
mbmvh33	Auditory core area	skos:exactMatch	UBERON:0034751	primary auditory cortex	HumanCuration	6/30/2022	orcid:0000-0002-6136-4102	Liu C, et al. Marmoset Brain Mapping V3: Population multi-modal standard volumetric and surface-based templates. Neuroimage (2021) doi:10.1016/j.neuroimage.2020.117620.	July 2022	http://purl.obolibrary.org/obo/UBERON_0034751		1:1	0.95	article equating auditory core area with primary auditory cortex:  https://www.ncbi.nlm.nih.gov/books/NBK554521/
mbmvh34	Auditory belt area medial	skos:broadMatch	UBERON:0034752	secondary auditory cortex	HumanCuration	6/30/2022	orcid:0000-0002-6136-4102	Liu C, et al. Marmoset Brain Mapping V3: Population multi-modal standard volumetric and surface-based templates. Neuroimage (2021) doi:10.1016/j.neuroimage.2020.117620.	July 2022	 http://purl.obolibrary.org/obo/UBERON_0034752		1:1	0.95	article equating auditory belt area with secondary auditory cortex:  https://www.ncbi.nlm.nih.gov/books/NBK554521/
mbmvh35	Auditory belt area lateral	skos:broadMatch	UBERON:0034752	secondary auditory cortex	HumanCuration	6/30/2022	orcid:0000-0002-6136-4102	Liu C, et al. Marmoset Brain Mapping V3: Population multi-modal standard volumetric and surface-based templates. Neuroimage (2021) doi:10.1016/j.neuroimage.2020.117620.	July 2022	 http://purl.obolibrary.org/obo/UBERON_0034752		1:1	0.95	article equating auditory belt area with secondary auditory cortex:  https://www.ncbi.nlm.nih.gov/books/NBK554521/
mbmvh36	Auditory parabelt area rostral	skos:broadMatch	UBERON:0001393	auditory cortex	HumanCuration	7/5/2022	orcid:0000-0002-6136-4102	Liu C, et al. Marmoset Brain Mapping V3: Population multi-modal standard volumetric and surface-based templates. Neuroimage (2021) doi:10.1016/j.neuroimage.2020.117620.	July 2022	http://purl.obolibrary.org/obo/UBERON_0001393	http://purl.obolibrary.org/obo/uberon/releases/2022-06-20/uberon.owl	1:1	0.9	broadly mapped tertiary auditory cortex to auditory cortex. Not sure if any of the entities within the parcellated auditory cortex entry are more accurate mappings
mbmvh37	Auditory parabelt area caudal	skos:broadMatch	UBERON:0001393	auditory cortex	HumanCuration	7/5/2022	orcid:0000-0002-6136-4102	Liu C, et al. Marmoset Brain Mapping V3: Population multi-modal standard volumetric and surface-based templates. Neuroimage (2021) doi:10.1016/j.neuroimage.2020.117620.	July 2022	http://purl.obolibrary.org/obo/UBERON_0001393	http://purl.obolibrary.org/obo/uberon/releases/2022-06-20/uberon.owl	1:1	0.9	broadly mapped tertiary auditory cortex to auditory cortex. Not sure if any of the entities within the parcellated auditory cortex entry are more accurate mappings
mbmvh38	Superior temporal rostral area	skos:broadMatch	UBERON:0002769	superior temporal gyrus	HumanCuration	7/5/2022	orcid:0000-0002-6136-4102	Liu C, et al. Marmoset Brain Mapping V3: Population multi-modal standard volumetric and surface-based templates. Neuroimage (2021) doi:10.1016/j.neuroimage.2020.117620.	July 2022	http://purl.obolibrary.org/obo/UBERON_0002769	http://purl.obolibrary.org/obo/uberon/releases/2022-06-20/uberon.owl	1:1	0.8	No area that captures exclusibely the rostral part of the STG. so matched broadly to the structure as a whole
mbmvh39	Argranular insular cortex	skos:exactMatch	UBERON:0034893	agranular insular cortex	HumanCuration	7/1/2022	orcid:0000-0002-6136-4102	Liu C, et al. Marmoset Brain Mapping V3: Population multi-modal standard volumetric and surface-based templates. Neuroimage (2021) doi:10.1016/j.neuroimage.2020.117620.	July 2022	http://purl.obolibrary.org/obo/UBERON_0034893	http://purl.obolibrary.org/obo/uberon/releases/2022-06-20/uberon.owl	1:1	1	
mbmvh40	Dysgranular insular cortex	skos:broadMatch	UBERON:0034891	insular cortex	HumanCuration	7/1/2022	orcid:0000-0002-6136-4102	Liu C, et al. Marmoset Brain Mapping V3: Population multi-modal standard volumetric and surface-based templates. Neuroimage (2021) doi:10.1016/j.neuroimage.2020.117620.	July 2022	http://purl.obolibrary.org/obo/UBERON_0034891	http://purl.obolibrary.org/obo/uberon/releases/2022-06-20/uberon.owl	1:1	0.9	No UBERON entry matches exactly with dysgranular insular cortex. Mapped broadly to UBERON:0034891 (insular cortex) although the entry only captures agranular and granular insular cortices 
mbmvh41	Granular insular cortex	skos:exactMatch	UBERON:0034892	granular insular cortex	HumanCuration	7/1/2022	orcid:0000-0002-6136-4102	Liu C, et al. Marmoset Brain Mapping V3: Population multi-modal standard volumetric and surface-based templates. Neuroimage (2021) doi:10.1016/j.neuroimage.2020.117620.	July 2022	http://purl.obolibrary.org/obo/UBERON_0034892	http://purl.obolibrary.org/obo/uberon/releases/2022-06-20/uberon.owl	1:1	1	
mbmvh42	Retroinsular area	skos:broadMatch	UBERON:0002022	insula	HumanCuration	7/1/2022	orcid:0000-0002-6136-4102	Liu C, et al. Marmoset Brain Mapping V3: Population multi-modal standard volumetric and surface-based templates. Neuroimage (2021) doi:10.1016/j.neuroimage.2020.117620.	July 2022	http://purl.obolibrary.org/obo/UBERON_0002022	http://purl.obolibrary.org/obo/uberon/releases/2022-06-20/uberon.owl	1:1	0.9	"The term retroinsular area refers to a composite structure...Located at the caudal extreme of the insula" . Broadly matched to UBERON:0002022 (insula) because it is located on this structure  http://braininfo.rprc.washington.edu/centraldirectory.aspx?ID=3327 
mbmvh43	Parainsular cortex rostral	skos:broadMatch	UBERON:0034891	insular cortex	HumanCuration	7/1/2022	orcid:0000-0002-6136-4102	Liu C, et al. Marmoset Brain Mapping V3: Population multi-modal standard volumetric and surface-based templates. Neuroimage (2021) doi:10.1016/j.neuroimage.2020.117620.	July 2022	http://purl.obolibrary.org/obo/UBERON_0034892	http://purl.obolibrary.org/obo/uberon/releases/2022-06-20/uberon.owl	1:1	1	UBERON parcelates only to granular and agranuar insular cortices but more comprehensive multi-modal parcellation studies of NHPs the Parainsular cortex has been found  https://www.ncbi.nlm.nih.gov/pmc/articles/PMC6032992/
mbmvh43	Parainsular cortex rostral	skos:broadMatch	UBERON:0006486	Brodmann (1909) area 52	HumanCuration	7/18/2022	orcid:0000-0002-6136-4102	Liu C, et al. Marmoset Brain Mapping V3: Population multi-modal standard volumetric and surface-based templates. Neuroimage (2021) doi:10.1016/j.neuroimage.2020.117620.	July 2022	http://purl.obolibrary.org/obo/UBERON_0006486	http://purl.obolibrary.org/obo/uberon/releases/2022-06-20/uberon.owl	1:1	0.7	Parainsular area is described by brodmann area 52 but verification is required. Not directionally parcellated
mbmvh44	Parainsular cortex caudal	skos:broadMatch	UBERON:0034891	insular cortex	HumanCuration	7/1/2022	orcid:0000-0002-6136-4102	Liu C, et al. Marmoset Brain Mapping V3: Population multi-modal standard volumetric and surface-based templates. Neuroimage (2021) doi:10.1016/j.neuroimage.2020.117620.	July 2022	http://purl.obolibrary.org/obo/UBERON_0034892	http://purl.obolibrary.org/obo/uberon/releases/2022-06-20/uberon.owl	1:2	1	UBERON parcelates only to granular and agranuar insular cortices but more comprehensive multi-modal parcellation studies of NHPs the Parainsular cortex has been found  https://www.ncbi.nlm.nih.gov/pmc/articles/PMC6032992/
mbmvh44	Parainsular cortex caudal	skos:broadMatch	UBERON:0006486	Brodmann (1909) area 52	HumanCuration	7/18/2022	orcid:0000-0002-6136-4102	Liu C, et al. Marmoset Brain Mapping V3: Population multi-modal standard volumetric and surface-based templates. Neuroimage (2021) doi:10.1016/j.neuroimage.2020.117620.	July 2022	http://purl.obolibrary.org/obo/UBERON_0006486	http://purl.obolibrary.org/obo/uberon/releases/2022-06-20/uberon.owl	1:2	0.7	Parainsular area is described by brodmann area 52 but verification is required. Not directionally parcellated
mbmvh45	Temporoparietal transitional area	skos:exactMatch	UBERON:0023852	temporoparietal junction	HumanCuration	7/5/2022	orcid:0000-0002-6136-4102	Liu C, et al. Marmoset Brain Mapping V3: Population multi-modal standard volumetric and surface-based templates. Neuroimage (2021) doi:10.1016/j.neuroimage.2020.117620.	July 2022	http://purl.obolibrary.org/obo/UBERON_0023852	http://purl.obolibrary.org/obo/uberon/releases/2022-06-20/uberon.owl	1:1	0.7	semantic inference lead to equating transitional area with junction but not entirely sure that it refers to the same structure
mbmvh46	Temporo-parieto-occipital association area rostral	skos:broadMatch	UBERON:0035013	temporal cortex association area	HumanCuration	7/18/2022	orcid:0000-0002-6136-4102	Liu C, et al. Marmoset Brain Mapping V3: Population multi-modal standard volumetric and surface-based templates. Neuroimage (2021) doi:10.1016/j.neuroimage.2020.117620.	July 2022	http://purl.obolibrary.org/obo/UBERON_0035013	http://purl.obolibrary.org/obo/uberon/releases/2022-06-20/uberon.owl	1:1	0.7	picked this map to represent areas concerned with higher order integration of sensory inputs, but not sure if it best reflects the interface of the three lobes. More investigation is required by domain specialist and reccomendation to UBERON to include more specific association regions
mbmvh47	Temporo-parito-occipital association area caudal	skos:broadMatch	UBERON:0035013	temporal cortex association area	HumanCuration	7/18/2022	orcid:0000-0002-6136-4102	Liu C, et al. Marmoset Brain Mapping V3: Population multi-modal standard volumetric and surface-based templates. Neuroimage (2021) doi:10.1016/j.neuroimage.2020.117620.	July 2022	http://purl.obolibrary.org/obo/UBERON_0035013	http://purl.obolibrary.org/obo/uberon/releases/2022-06-20/uberon.owl	1:1	0.7	picked this map to represent areas concerned with higher order integration of sensory inputs, but not sure if it best reflects the interface of the three lobes. More investigation is required by domain specialist and reccomendation to UBERON to include more specific association regions
mbmvh48	Fundus of superior temproal area rostral	skos:broadMatch	UBERON:0002734	superior temporal sulcus	HumanCuration	7/5/2022	orcid:0000-0002-6136-4102	Liu C, et al. Marmoset Brain Mapping V3: Population multi-modal standard volumetric and surface-based templates. Neuroimage (2021) doi:10.1016/j.neuroimage.2020.117620.	July 2022	http://purl.obolibrary.org/obo/UBERON_0002734	http://purl.obolibrary.org/obo/uberon/releases/2022-06-20/uberon.owl	1:1	0.8	UBERON parcelates only to agranular sulcus and banks of superior temporal sulcus which do not adequately capture the fundus entity
mbmvh49	Fundus of superior temproal area caudal	skos:broadMatch	UBERON:0002734	superior temporal sulcus	HumanCuration	7/5/2022	orcid:0000-0002-6136-4102	Liu C, et al. Marmoset Brain Mapping V3: Population multi-modal standard volumetric and surface-based templates. Neuroimage (2021) doi:10.1016/j.neuroimage.2020.117620.	July 2022	http://purl.obolibrary.org/obo/UBERON_0002734	http://purl.obolibrary.org/obo/uberon/releases/2022-06-20/uberon.owl	1:1	0.8	UBERON parcelates only to agranular sulcus and banks of superior temporal sulcus which do not adequately capture the fundus entity
mbmvh50	Interior temporal area a	skos:broadMatch	UBERON:0002751	inferior temporal gyrus	HumanCuration	7/5/2022	orcid:0000-0002-6136-4102	Liu C, et al. Marmoset Brain Mapping V3: Population multi-modal standard volumetric and surface-based templates. Neuroimage (2021) doi:10.1016/j.neuroimage.2020.117620.	July 2022	http://purl.obolibrary.org/obo/UBERON_0002751	http://purl.obolibrary.org/obo/uberon/releases/2022-06-20/uberon.owl	1:1	0.9	assuming that the label was meant to be inferior rather than interior; UBERON does not parcelate STS further
mbmvh51	Interior temporal area b	skos:broadMatch	UBERON:0002751	inferior temporal gyrus	HumanCuration	7/5/2022	orcid:0000-0002-6136-4102	Liu C, et al. Marmoset Brain Mapping V3: Population multi-modal standard volumetric and surface-based templates. Neuroimage (2021) doi:10.1016/j.neuroimage.2020.117620.	July 2022	http://purl.obolibrary.org/obo/UBERON_0002751	http://purl.obolibrary.org/obo/uberon/releases/2022-06-20/uberon.owl	1:1	0.9	assuming that the label was meant to be inferior rather than interior; UBERON does not parcelate STS further
mbmvh52	Interior temporal area c	skos:broadMatch	UBERON:0002751	inferior temporal gyrus	HumanCuration	7/5/2022	orcid:0000-0002-6136-4102	Liu C, et al. Marmoset Brain Mapping V3: Population multi-modal standard volumetric and surface-based templates. Neuroimage (2021) doi:10.1016/j.neuroimage.2020.117620.	July 2022	http://purl.obolibrary.org/obo/UBERON_0002751	http://purl.obolibrary.org/obo/uberon/releases/2022-06-20/uberon.owl	1:1	0.9	assuming that the label was meant to be inferior rather than interior; UBERON does not parcelate STS further
mbmvh53	Interior temporal area d	skos:broadMatch	UBERON:0002751	inferior temporal gyrus	HumanCuration	7/5/2022	orcid:0000-0002-6136-4102	Liu C, et al. Marmoset Brain Mapping V3: Population multi-modal standard volumetric and surface-based templates. Neuroimage (2021) doi:10.1016/j.neuroimage.2020.117620.	July 2022	http://purl.obolibrary.org/obo/UBERON_0002751	http://purl.obolibrary.org/obo/uberon/releases/2022-06-20/uberon.owl	1:1	0.9	assuming that the label was meant to be inferior rather than interior; UBERON does not parcelate STS further
mbmvh54	Interior temporal area e	skos:broadMatch	UBERON:0002751	inferior temporal gyrus	HumanCuration	7/5/2022	orcid:0000-0002-6136-4102	Liu C, et al. Marmoset Brain Mapping V3: Population multi-modal standard volumetric and surface-based templates. Neuroimage (2021) doi:10.1016/j.neuroimage.2020.117620.	July 2022	http://purl.obolibrary.org/obo/UBERON_0002751	http://purl.obolibrary.org/obo/uberon/releases/2022-06-20/uberon.owl	1:1	0.9	assuming that the label was meant to be inferior rather than interior; UBERON does not parcelate STS further
mbmvh55	Interior temporal area f	skos:broadMatch	UBERON:0002751	inferior temporal gyrus	HumanCuration	7/5/2022	orcid:0000-0002-6136-4102	Liu C, et al. Marmoset Brain Mapping V3: Population multi-modal standard volumetric and surface-based templates. Neuroimage (2021) doi:10.1016/j.neuroimage.2020.117620.	July 2022	http://purl.obolibrary.org/obo/UBERON_0002751	http://purl.obolibrary.org/obo/uberon/releases/2022-06-20/uberon.owl	1:1	0.9	assuming that the label was meant to be inferior rather than interior; UBERON does not parcelate STS further
mbmvh56	Temporopolar proisocortex	skos:exactMatch	UBERON:0006479	Brodmann (1909) area 38	HumanCuration	7/5/2022	orcid:0000-0002-6136-4102	Liu C, et al. Marmoset Brain Mapping V3: Population multi-modal standard volumetric and surface-based templates. Neuroimage (2021) doi:10.1016/j.neuroimage.2020.117620.		http://purl.obolibrary.org/obo/UBERON_0006479	http://purl.obolibrary.org/obo/uberon/releases/2022-06-20/uberon.owl	1:1	0.7	-Brodmann area 38 is descrbed as the temperopolar cortex but domain specific validation is essential to verify  -reccomendation to UBERON would be to include this region
mbmvh57	Perihinal cortex rostral	skos:broadMatch	UBERON:0006083	perirhinal cortex	HumanCuration	7/1/2022	orcid:0000-0002-6136-4102	Liu C, et al. Marmoset Brain Mapping V3: Population multi-modal standard volumetric and surface-based templates. Neuroimage (2021) doi:10.1016/j.neuroimage.2020.117620.	July 2022	http://purl.obolibrary.org/obo/UBERON_0006083	http://purl.obolibrary.org/obo/uberon/releases/2022-06-20/uberon.owl	1:1	1	Though parcellated, the UBERON entry for perirhinal cortex is not separated into its rostral and caudal parts
mbmvh58	Perihinal cortex caudal	skos:broadMatch	UBERON:0006083	perirhinal cortex	HumanCuration	7/1/2022	orcid:0000-0002-6136-4102	Liu C, et al. Marmoset Brain Mapping V3: Population multi-modal standard volumetric and surface-based templates. Neuroimage (2021) doi:10.1016/j.neuroimage.2020.117620.	July 2022	http://purl.obolibrary.org/obo/UBERON_0006083	http://purl.obolibrary.org/obo/uberon/releases/2022-06-20/uberon.owl	1:1	1	Though parcellated, the UBERON entry for perirhinal cortex is not separated into its rostral and caudal parts
mbmvh59	Entorhinal cortex a	skos:broadMatch	UBERON:0002728	entorhinal cortex	HumanCuration	6/30/2022	orcid:0000-0002-6136-4102	Liu C, et al. Marmoset Brain Mapping V3: Population multi-modal standard volumetric and surface-based templates. Neuroimage (2021) doi:10.1016/j.neuroimage.2020.117620.	July 2022	http://purl.obolibrary.org/obo/UBERON_0002728	http://purl.obolibrary.org/obo/uberon/releases/2022-06-20/uberon.owl	1:1	1	Though the UBERON entry for entorhinal cortex is parcellated into several entities, it is not clear what is meant by 'a' and 'b'
mbmvh60	Entorhinal cortex b	skos:broadMatch	UBERON:0002728	entorhinal cortex	HumanCuration	6/30/2022	orcid:0000-0002-6136-4102	Liu C, et al. Marmoset Brain Mapping V3: Population multi-modal standard volumetric and surface-based templates. Neuroimage (2021) doi:10.1016/j.neuroimage.2020.117620.	July 2022	http://purl.obolibrary.org/obo/UBERON_0002728	http://purl.obolibrary.org/obo/uberon/releases/2022-06-20/uberon.owl	1:1	1	Though the UBERON entry for entorhinal cortex is parcellated into several entities, it is not clear what is meant by 'a' and 'b'
mbmvh61	Parahippocampal complex a	skos:broadMatch	UBERON:0002973	parahippocampal gyrus	HumanCuration	7/5/2022	orcid:0000-0002-6136-4102	Liu C, et al. Marmoset Brain Mapping V3: Population multi-modal standard volumetric and surface-based templates. Neuroimage (2021) doi:10.1016/j.neuroimage.2020.117620.	July 2022	http://purl.obolibrary.org/obo/UBERON_0002973	http://purl.obolibrary.org/obo/uberon/releases/2022-06-20/uberon.owl	1:1	0.8	Though parcellated, the UBERON entry for parahippocampal gyrus is not organized into parts a, b, and c
mbmvh62	Parahippocampal complex b	skos:broadMatch	UBERON:0002973	parahippocampal gyrus	HumanCuration	7/5/2022	orcid:0000-0002-6136-4102	Liu C, et al. Marmoset Brain Mapping V3: Population multi-modal standard volumetric and surface-based templates. Neuroimage (2021) doi:10.1016/j.neuroimage.2020.117620.	July 2022	http://purl.obolibrary.org/obo/UBERON_0002973	http://purl.obolibrary.org/obo/uberon/releases/2022-06-20/uberon.owl	1:1	0.8	Though parcellated, the UBERON entry for parahippocampal gyrus is not organized into parts a, b, and c
mbmvh63	Parahippocampal complex c	skos:broadMatch	UBERON:0002973	parahippocampal gyrus	HumanCuration	7/5/2022	orcid:0000-0002-6136-4102	Liu C, et al. Marmoset Brain Mapping V3: Population multi-modal standard volumetric and surface-based templates. Neuroimage (2021) doi:10.1016/j.neuroimage.2020.117620.	July 2022	http://purl.obolibrary.org/obo/UBERON_0002973	http://purl.obolibrary.org/obo/uberon/releases/2022-06-20/uberon.owl	1:1	0.9	Though parcellated, the UBERON entry for parahippocampal gyrus is not organized into parts a, b, and c
mbmvh64	Piriform	skos:exactMatch	UBERON:0004725	piriform cortex	HumanCuration	7/1/2022	orcid:0000-0002-6136-4102	Liu C, et al. Marmoset Brain Mapping V3: Population multi-modal standard volumetric and surface-based templates. Neuroimage (2021) doi:10.1016/j.neuroimage.2020.117620.	July 2022	http://purl.obolibrary.org/obo/UBERON_0004725	http://purl.obolibrary.org/obo/uberon/releases/2022-06-20/uberon.owl	1:1	0.8	Not sure what is meant just by piriform. This complex comprises 3 layers of the piriform cortex as well as the entorhinal cortex
mbmvh65	Subiculum	skos:exactMatch	UBERON:0002191	subiculum	HumanCuration	6/30/2022	orcid:0000-0002-6136-4102	Liu C, et al. Marmoset Brain Mapping V3: Population multi-modal standard volumetric and surface-based templates. Neuroimage (2021) doi:10.1016/j.neuroimage.2020.117620.	July 2022	http://purl.obolibrary.org/obo/UBERON_0002191	http://purl.obolibrary.org/obo/uberon/releases/2022-06-20/uberon.owl	1:1	1	
mbmvh66	Parietal area PE a	skos:broadMatch	UBERON:0006471	Brodmann (1909) area 5	HumanCuration	7/6/2022	orcid:0000-0002-6136-4102	Liu C, et al. Marmoset Brain Mapping V3: Population multi-modal standard volumetric and surface-based templates. Neuroimage (2021) doi:10.1016/j.neuroimage.2020.117620.	July 2022	http://purl.obolibrary.org/obo/UBERON_0006471	http://purl.obolibrary.org/obo/uberon/releases/2022-06-20/uberon.owl	1:1	0.7	"In the macaque monkey the area PE corresponds to BA5.[6]" doi:10.1007/BF00231461; UBERON does not parcellate further; verification is required to equate broadman areas with these
mbmvh67	Parietal area PE b	skos:broadMatch	UBERON:0006471	Brodmann (1909) area 5	HumanCuration	7/6/2022	orcid:0000-0002-6136-4102	Liu C, et al. Marmoset Brain Mapping V3: Population multi-modal standard volumetric and surface-based templates. Neuroimage (2021) doi:10.1016/j.neuroimage.2020.117620.	July 2022	http://purl.obolibrary.org/obo/UBERON_00064711	http://purl.obolibrary.org/obo/uberon/releases/2022-06-20/uberon.owl	1:1	0.7	"In the macaque monkey the area PE corresponds to BA5.[6]" doi:10.1007/BF00231461; UBERON does not parcellate further; verification is required to equate broadman areas with these
mbmvh68	Parietal area PF/PFG a	skos:broadMatch	UBERON:0013573	Brodmann (1909) area 40	HumanCuration	7/6/2022	orcid:0000-0002-6136-4102	Liu C, et al. Marmoset Brain Mapping V3: Population multi-modal standard volumetric and surface-based templates. Neuroimage (2021) doi:10.1016/j.neuroimage.2020.117620.	July 2022	http://purl.obolibrary.org/obo/UBERON_0013573	http://purl.obolibrary.org/obo/uberon/releases/2022-06-20/uberon.owl	1:1	0.7	UBERON definition lists subject as a subpart of the entity but does not have a separate one; verification required to equate with brodmann areas
mbmvh69	Parietal area PF/PFG b	skos:broadMatch	UBERON:0013573	Brodmann (1909) area 40	HumanCuration	7/6/2022	orcid:0000-0002-6136-4102	Liu C, et al. Marmoset Brain Mapping V3: Population multi-modal standard volumetric and surface-based templates. Neuroimage (2021) doi:10.1016/j.neuroimage.2020.117620.	July 2022	http://purl.obolibrary.org/obo/UBERON_0013573	http://purl.obolibrary.org/obo/uberon/releases/2022-06-20/uberon.owl	1:1	0.7	UBERON definition lists subject as a subpart of the entity but does not have a separate one; verification required to equate with brodmann areas
mbmvh70	Parietal area PG a	skos:broadMatch	UBERON:0006480	Brodmann (1909) area 39	HumanCuration	7/6/2022	orcid:0000-0002-6136-4102	Liu C, et al. Marmoset Brain Mapping V3: Population multi-modal standard volumetric and surface-based templates. Neuroimage (2021) doi:10.1016/j.neuroimage.2020.117620.	July 2022	http://purl.obolibrary.org/obo/UBERON_0006480	http://purl.obolibrary.org/obo/uberon/releases/2022-06-20/uberon.owl	1:2	0.7	https://www.sciencedirect.com/topics/neuroscience/inferior-parietal-lobule ; verification required before relating it confidently to brodmann area
mbmvh70	Parietal area PG a	skos:broadMatch	UBERON:0006480	Brodmann (1909) area 39	HumanCuration	7/6/2022	orcid:0000-0002-6136-4102	Liu C, et al. Marmoset Brain Mapping V3: Population multi-modal standard volumetric and surface-based templates. Neuroimage (2021) doi:10.1016/j.neuroimage.2020.117620.	July 2022	http://purl.obolibrary.org/obo/UBERON_0006480	http://purl.obolibrary.org/obo/uberon/releases/2022-06-20/uberon.owl	1:2	0.7	https://www.sciencedirect.com/topics/neuroscience/inferior-parietal-lobule; verification before equating it to brodmann areas 
mbmvh71	Occipito-parietal transitional area a	skos:broadMatch	UBERON:0002695	parieto-occipital sulcus	HumanCuration	7/6/2022	orcid:0000-0002-6136-4102	Liu C, et al. Marmoset Brain Mapping V3: Population multi-modal standard volumetric and surface-based templates. Neuroimage (2021) doi:10.1016/j.neuroimage.2020.117620.	July 2022	http://purl.obolibrary.org/obo/UBERON_0002695	http://purl.obolibrary.org/obo/uberon/releases/2022-06-20/uberon.owl	1:1	0.8	
mbmvh72	Occipito-parietal transitional area b	skos:broadMatch	UBERON:0002695	parieto-occipital sulcus	HumanCuration	7/6/2022	orcid:0000-0002-6136-4102	Liu C, et al. Marmoset Brain Mapping V3: Population multi-modal standard volumetric and surface-based templates. Neuroimage (2021) doi:10.1016/j.neuroimage.2020.117620.	July 2022	http://purl.obolibrary.org/obo/UBERON_0002695	http://purl.obolibrary.org/obo/uberon/releases/2022-06-20/uberon.owl	1:1	0.8	
mbmvh73	Intraparietal area a	skos:broadMatch	UBERON:0002913	intraparietal sulcus	HumanCuration	7/5/2022	orcid:0000-0002-6136-4102	Liu C, et al. Marmoset Brain Mapping V3: Population multi-modal standard volumetric and surface-based templates. Neuroimage (2021) doi:10.1016/j.neuroimage.2020.117620.	July 2022	http://purl.obolibrary.org/obo/UBERON_0002913	http://purl.obolibrary.org/obo/uberon/releases/2022-06-20/uberon.owl	1:1	0.9	The term "area" from the label is a little vague but it seems likely that this is the stucture it is referring to ; UBERON does not parcellate it further; also not obvious what areas a-d refer to
mbmvh74	Intraparietal area b	skos:broadMatch	UBERON:0002913	intraparietal sulcus	HumanCuration	7/5/2022	orcid:0000-0002-6136-4102	Liu C, et al. Marmoset Brain Mapping V3: Population multi-modal standard volumetric and surface-based templates. Neuroimage (2021) doi:10.1016/j.neuroimage.2020.117620.	July 2022	http://purl.obolibrary.org/obo/UBERON_0002913	http://purl.obolibrary.org/obo/uberon/releases/2022-06-20/uberon.owl	1:1	0.9	The term "area" from the label is a little vague but it seems likely that this is the stucture it is referring to ; UBERON does not parcellate it further; also not obvious what areas a-d refer to
mbmvh75	Intraparietal area c	skos:broadMatch	UBERON:0002913	intraparietal sulcus	HumanCuration	7/5/2022	orcid:0000-0002-6136-4102	Liu C, et al. Marmoset Brain Mapping V3: Population multi-modal standard volumetric and surface-based templates. Neuroimage (2021) doi:10.1016/j.neuroimage.2020.117620.	July 2022	http://purl.obolibrary.org/obo/UBERON_0002913	http://purl.obolibrary.org/obo/uberon/releases/2022-06-20/uberon.owl	1:1	0.9	The term "area" from the label is a little vague but it seems likely that this is the stucture it is referring to ; UBERON does not parcellate it further; also not obvious what areas a-d refer to
mbmvh76	Intraparietal area d	skos:broadMatch	UBERON:0002913	intraparietal sulcus	HumanCuration	7/5/2022	orcid:0000-0002-6136-4102	Liu C, et al. Marmoset Brain Mapping V3: Population multi-modal standard volumetric and surface-based templates. Neuroimage (2021) doi:10.1016/j.neuroimage.2020.117620.	July 2022	http://purl.obolibrary.org/obo/UBERON_0002913	http://purl.obolibrary.org/obo/uberon/releases/2022-06-20/uberon.owl	1:1	0.9	The term "area" from the label is a little vague but it seems likely that this is the stucture it is referring to ; UBERON does not parcellate it further; also not obvious what areas a-d refer to
mbmvh77	Area 23 a	skos:broadMatch	UBERON:0013554	Brodmann (1909) area 23	HumanCuration	7/5/2022	orcid:0000-0002-6136-4102	Liu C, et al. Marmoset Brain Mapping V3: Population multi-modal standard volumetric and surface-based templates. Neuroimage (2021) doi:10.1016/j.neuroimage.2020.117620.	July 2022	http://purl.obolibrary.org/obo/UBERON_0013554	http://purl.obolibrary.org/obo/uberon/releases/2022-06-20/uberon.owl	1:1	1	UBERON entry not parcellated
mbmvh78	Area 23 b	skos:broadMatch	UBERON:0013554	Brodmann (1909) area 23	HumanCuration	7/5/2022	orcid:0000-0002-6136-4102	Liu C, et al. Marmoset Brain Mapping V3: Population multi-modal standard volumetric and surface-based templates. Neuroimage (2021) doi:10.1016/j.neuroimage.2020.117620.	July 2022	http://purl.obolibrary.org/obo/UBERON_0013554	http://purl.obolibrary.org/obo/uberon/releases/2022-06-20/uberon.owl	1:1	1	UBERON entry not parcellated
mbmvh79	Area 23 ventral	skos:broadMatch	UBERON:0013554	Brodmann (1909) area 23	HumanCuration	7/5/2022	orcid:0000-0002-6136-4102	Liu C, et al. Marmoset Brain Mapping V3: Population multi-modal standard volumetric and surface-based templates. Neuroimage (2021) doi:10.1016/j.neuroimage.2020.117620.	July 2022	http://purl.obolibrary.org/obo/UBERON_0013554	http://purl.obolibrary.org/obo/uberon/releases/2022-06-20/uberon.owl	1:1	1	UBERON entry not parcellated
mbmvh80	Area 29 medial	skos:broadMatch	UBERON:0004717	Brodmann (1909) area 29	HumanCuration	7/5	orcid:0000-0002-6136-4102	Liu C, et al. Marmoset Brain Mapping V3: Population multi-modal standard volumetric and surface-based templates. Neuroimage (2021) doi:10.1016/j.neuroimage.2020.117620.	July 2022	http://purl.obolibrary.org/obo/UBERON_0004717	http://purl.obolibrary.org/obo/uberon/releases/2022-06-20/uberon.owl	1:1	1	UBERON entry not parcellated
mbmvh81	Area 30	skos:exactMatch	UBERON:0006474	Brodmann (1909) area 30	HumanCuration	7/5	orcid:0000-0002-6136-4102	Liu C, et al. Marmoset Brain Mapping V3: Population multi-modal standard volumetric and surface-based templates. Neuroimage (2021) doi:10.1016/j.neuroimage.2020.117620.	July 2022	http://purl.obolibrary.org/obo/UBERON_0006474	http://purl.obolibrary.org/obo/uberon/releases/2022-06-20/uberon.owl	1:1	1	
mbmvh82	Area 29 ventral	skos:broadMatch	UBERON:0004717	Brodmann (1909) area 29	HumanCuration	7/5	orcid:0000-0002-6136-4102	Liu C, et al. Marmoset Brain Mapping V3: Population multi-modal standard volumetric and surface-based templates. Neuroimage (2021) doi:10.1016/j.neuroimage.2020.117620.	July 2022	http://purl.obolibrary.org/obo/UBERON_0004717	http://purl.obolibrary.org/obo/uberon/releases/2022-06-20/uberon.owl	1:1	1	UBERON entry not parcellated
mbmvh83	Area 31	skos:exactMatch	UBERON:0006475	Brodmann (1909) area 31	HumanCuration	7/5/2022	orcid:0000-0002-6136-4102	Liu C, et al. Marmoset Brain Mapping V3: Population multi-modal standard volumetric and surface-based templates. Neuroimage (2021) doi:10.1016/j.neuroimage.2020.117620.	July 2022	http://purl.obolibrary.org/obo/UBERON_0006475	http://purl.obolibrary.org/obo/uberon/releases/2022-06-20/uberon.owl	1:1	1	
mbmvh84	Parietal area medial a	skos:broadMatch	UBERON:0016530	parietal cortex	HumanCuration	7/5/2022	orcid:0000-0002-6136-4102	Liu C, et al. Marmoset Brain Mapping V3: Population multi-modal standard volumetric and surface-based templates. Neuroimage (2021) doi:10.1016/j.neuroimage.2020.117620.	July 2022	http://purl.obolibrary.org/obo/UBERON_0016530	http://purl.obolibrary.org/obo/uberon/releases/2022-06-20/uberon.owl	1:1	1	already a broad match; UBERON does not parcellate further
mbmvh85	Parietal area medial b	skos:broadMatch	UBERON:0016530	parietal cortex	HumanCuration	7/5/2022	orcid:0000-0002-6136-4102	Liu C, et al. Marmoset Brain Mapping V3: Population multi-modal standard volumetric and surface-based templates. Neuroimage (2021) doi:10.1016/j.neuroimage.2020.117620.	July 2022	http://purl.obolibrary.org/obo/UBERON_0016530	http://purl.obolibrary.org/obo/uberon/releases/2022-06-20/uberon.owl	1:1	1	already a broad match; UBERON does not parcellate further
mbmvh86	Prostriate area	skos:broadMatch	UBERON:0002586	calcarine sulcus	HumanCuration	7/5/2022	orcid:0000-0002-6136-4102	Liu C, et al. Marmoset Brain Mapping V3: Population multi-modal standard volumetric and surface-based templates. Neuroimage (2021) doi:10.1016/j.neuroimage.2020.117620.	July 2022	http://purl.obolibrary.org/obo/UBERON_0002586	http://purl.obolibrary.org/obo/uberon/releases/2022-06-20/uberon.owl	1:1	1	"Area prostriata is a cortical area at the fundus of the calcarine sulcus, described anatomically in humans [1-5] and other primates"   10.1016/j.cub.2017.08.065 UBERON entry is parcellated into dorsal and ventral but not fundus 
mbmvh87	Visual area V1 a	skos:broadMatch	UBERON:0002436	primary visual cortex	HumanCuration	6/30/2022	orcid:0000-0002-6136-4102	Liu C, et al. Marmoset Brain Mapping V3: Population multi-modal standard volumetric and surface-based templates. Neuroimage (2021) doi:10.1016/j.neuroimage.2020.117620.	July 2022	http://purl.obolibrary.org/obo/UBERON_0000348	http://purl.obolibrary.org/obo/uberon/releases/2022-06-20/uberon.owl	1:1	1	
mbmvh88	Visual area V1 b	skos:broadMatch	UBERON:0002436	primary visual cortex	HumanCuration	6/30/2022	orcid:0000-0002-6136-4102	Liu C, et al. Marmoset Brain Mapping V3: Population multi-modal standard volumetric and surface-based templates. Neuroimage (2021) doi:10.1016/j.neuroimage.2020.117620.	July 2022	http://purl.obolibrary.org/obo/UBERON_0000348	http://purl.obolibrary.org/obo/uberon/releases/2022-06-20/uberon.owl	1:1	1	
mbmvh89	Visual area V2 medial	skos:broadMatch	UBERON:0022232	secondary visual cortex	HumanCuration	6/30/2022	orcid:0000-0002-6136-4102	Liu C, et al. Marmoset Brain Mapping V3: Population multi-modal standard volumetric and surface-based templates. Neuroimage (2021) doi:10.1016/j.neuroimage.2020.117620.	July 2022	http://purl.obolibrary.org/obo/UBERON_0022232	http://purl.obolibrary.org/obo/uberon/releases/2022-06-20/uberon.owl	1:1	1	
mbmvh90	Visual area V2 lateral	skos:broadMatch	UBERON:0022232	secondary visual cortex	HumanCuration	6/30/2022	orcid:0000-0002-6136-4102	Liu C, et al. Marmoset Brain Mapping V3: Population multi-modal standard volumetric and surface-based templates. Neuroimage (2021) doi:10.1016/j.neuroimage.2020.117620.	July 2022	http://purl.obolibrary.org/obo/UBERON_0022232	http://purl.obolibrary.org/obo/uberon/releases/2022-06-20/uberon.owl	1:1	1	
mbmvh91	Visual area V2 ventral	skos:broadMatch	UBERON:0022232	secondary visual cortex	HumanCuration	6/30/2022	orcid:0000-0002-6136-4102	Liu C, et al. Marmoset Brain Mapping V3: Population multi-modal standard volumetric and surface-based templates. Neuroimage (2021) doi:10.1016/j.neuroimage.2020.117620.	July 2022	http://purl.obolibrary.org/obo/UBERON_0022232	http://purl.obolibrary.org/obo/uberon/releases/2022-06-20/uberon.owl	1:1	1	
mbmvh92	Visual area V3 dorsal	skos:broadMatch	UBERON:0014370	extrastriate cortex	HumanCuration	7/5/2022	orcid:0000-0002-6136-4102	Liu C, et al. Marmoset Brain Mapping V3: Population multi-modal standard volumetric and surface-based templates. Neuroimage (2021) doi:10.1016/j.neuroimage.2020.117620.	July 2022	http://purl.obolibrary.org/obo/UBERON_0014370	http://purl.obolibrary.org/obo/uberon/releases/2022-06-20/uberon.owl	1:1	1	v3-6 is located in the extrastriate cortex ; reccomendation for UBERON to parcellate the visual cortrex
mbmvh93	Visual area V3 lateral	skos:broadMatch	UBERON:0014370	extrastriate cortex	HumanCuration	7/5/2022	orcid:0000-0002-6136-4102	Liu C, et al. Marmoset Brain Mapping V3: Population multi-modal standard volumetric and surface-based templates. Neuroimage (2021) doi:10.1016/j.neuroimage.2020.117620.	July 2022	http://purl.obolibrary.org/obo/UBERON_0014370	http://purl.obolibrary.org/obo/uberon/releases/2022-06-20/uberon.owl	1:1	1	v3-6 is located in the extrastriate cortex ; reccomendation for UBERON to parcellate the visual cortrex
mbmvh94	Visual area V3 ventral	skos:broadMatch	UBERON:0014370	extrastriate cortex	HumanCuration	7/5/2022	orcid:0000-0002-6136-4102	Liu C, et al. Marmoset Brain Mapping V3: Population multi-modal standard volumetric and surface-based templates. Neuroimage (2021) doi:10.1016/j.neuroimage.2020.117620.	July 2022	http://purl.obolibrary.org/obo/UBERON_0014370	http://purl.obolibrary.org/obo/uberon/releases/2022-06-20/uberon.owl	1:1	1	v3-6 is located in the extrastriate cortex ; reccomendation for UBERON to parcellate the visual cortrex
mbmvh95	Visual area V4 lateral	skos:broadMatch	UBERON:0014370	extrastriate cortex	HumanCuration	7/5/2022	orcid:0000-0002-6136-4102	Liu C, et al. Marmoset Brain Mapping V3: Population multi-modal standard volumetric and surface-based templates. Neuroimage (2021) doi:10.1016/j.neuroimage.2020.117620.	July 2022	http://purl.obolibrary.org/obo/UBERON_0014370	http://purl.obolibrary.org/obo/uberon/releases/2022-06-20/uberon.owl	1:1	1	v3-6 is located in the extrastriate cortex ; reccomendation for UBERON to parcellate the visual cortrex
mbmvh96	Visual area V4 ventral	skos:broadMatch	UBERON:0014370	extrastriate cortex	HumanCuration	7/5/2022	orcid:0000-0002-6136-4102	Liu C, et al. Marmoset Brain Mapping V3: Population multi-modal standard volumetric and surface-based templates. Neuroimage (2021) doi:10.1016/j.neuroimage.2020.117620.	July 2022	http://purl.obolibrary.org/obo/UBERON_0014370	http://purl.obolibrary.org/obo/uberon/releases/2022-06-20/uberon.owl	1:1	1	v3-6 is located in the extrastriate cortex ; reccomendation for UBERON to parcellate the visual cortrex
mbmvh97	Visual area V5 rostral	skos:broadMatch	UBERON:0014370	extrastriate cortex	HumanCuration	7/5/2022	orcid:0000-0002-6136-4102	Liu C, et al. Marmoset Brain Mapping V3: Population multi-modal standard volumetric and surface-based templates. Neuroimage (2021) doi:10.1016/j.neuroimage.2020.117620.	July 2022	http://purl.obolibrary.org/obo/UBERON_0014370	http://purl.obolibrary.org/obo/uberon/releases/2022-06-20/uberon.owl	1:1	1	v3-6 is located in the extrastriate cortex ; reccomendation for UBERON to parcellate the visual cortrex
mbmvh98	Visual area V5 caudal	skos:broadMatch	UBERON:0014370	extrastriate cortex	HumanCuration	7/5/2022	orcid:0000-0002-6136-4102	Liu C, et al. Marmoset Brain Mapping V3: Population multi-modal standard volumetric and surface-based templates. Neuroimage (2021) doi:10.1016/j.neuroimage.2020.117620.	July 2022	http://purl.obolibrary.org/obo/UBERON_0014370	http://purl.obolibrary.org/obo/uberon/releases/2022-06-20/uberon.owl	1:1	1	v3-6 is located in the extrastriate cortex ; reccomendation for UBERON to parcellate the visual cortrex
mbmvh99	Visual area V6 rostral	skos:broadMatch	UBERON:0014370	extrastriate cortex	HumanCuration	7/5/2022	orcid:0000-0002-6136-4102	Liu C, et al. Marmoset Brain Mapping V3: Population multi-modal standard volumetric and surface-based templates. Neuroimage (2021) doi:10.1016/j.neuroimage.2020.117620.	July 2022	http://purl.obolibrary.org/obo/UBERON_0014370	http://purl.obolibrary.org/obo/uberon/releases/2022-06-20/uberon.owl	1:1	1	v6 is located in the dorsal part of the extrastriate cortex which is not parcellated in UBERON
mbmvh100	Visual area V6 medial	skos:broadMatch	UBERON:0014370	extrastriate cortex	HumanCuration	7/5/2022	orcid:0000-0002-6136-4102	Liu C, et al. Marmoset Brain Mapping V3: Population multi-modal standard volumetric and surface-based templates. Neuroimage (2021) doi:10.1016/j.neuroimage.2020.117620.	July 2022	http://purl.obolibrary.org/obo/UBERON_0014370	http://purl.obolibrary.org/obo/uberon/releases/2022-06-20/uberon.owl	1:1	1	v6 is located in the dorsal part of the extrastriate cortex which is not parcellated in UBERON
mbmvh101	Visual area V6 dorsal	skos:broadMatch	UBERON:0014370	extrastriate cortex	HumanCuration	7/5/2022	orcid:0000-0002-6136-4102	Liu C, et al. Marmoset Brain Mapping V3: Population multi-modal standard volumetric and surface-based templates. Neuroimage (2021) doi:10.1016/j.neuroimage.2020.117620.	July 2022	http://purl.obolibrary.org/obo/UBERON_0014370	http://purl.obolibrary.org/obo/uberon/releases/2022-06-20/uberon.owl	1:1	1	v6 is located in the dorsal part of the extrastriate cortex which is not parcellated in UBERON
mbmvh102	Area 19 dorsointermediate part	skos:broadMatch	UBERON:0013550	Brodmann (1909) area 19	HumanCuration	7/5/2022	orcid:0000-0002-6136-4102	Liu C, et al. Marmoset Brain Mapping V3: Population multi-modal standard volumetric and surface-based templates. Neuroimage (2021) doi:10.1016/j.neuroimage.2020.117620.	July 2022	http://purl.obolibrary.org/obo/UBERON_0013550	http://purl.obolibrary.org/obo/uberon/releases/2022-06-20/uberon.owl	1:1	1	A19 is not parcellated in UBERON
mbmvh103	A19 medial part	skos:broadMatch	UBERON:0013550	Brodmann (1909) area 19	HumanCuration	7/5/2022	orcid:0000-0002-6136-4102	Liu C, et al. Marmoset Brain Mapping V3: Population multi-modal standard volumetric and surface-based templates. Neuroimage (2021) doi:10.1016/j.neuroimage.2020.117620.	July 2022	http://purl.obolibrary.org/obo/UBERON_0013551	http://purl.obolibrary.org/obo/uberon/releases/2022-06-20/uberon.owl	1:1	1	A19 is not parcellated in UBERON
mbmvh104	Medial superior temporal area	skos:broadMatch	UBERON:0002734	superior temporal sulcus	HumanCuration	7/5/2022	orcid:0000-0002-6136-4102	Liu C, et al. Marmoset Brain Mapping V3: Population multi-modal standard volumetric and surface-based templates. Neuroimage (2021) doi:10.1016/j.neuroimage.2020.117620.	July 2022	http://purl.obolibrary.org/obo/UBERON_0002734	http://purl.obolibrary.org/obo/uberon/releases/2022-06-20/uberon.owl	1:1	1	MT and MST are located on the STS https://en.wikipedia.org/wiki/Medial_superior_temporal_area#:~:text=The%20medial%20superior%20temporal%20(MST,in%20the%20detection%20of%20motion.