subject_id_temporary,subject_label,predicate_id,object_id,object_label,mapping_justification,mapping_date,author_id,subject_source,subject_source_version,object_source,object_source_version,confidence,comment,,,,,,,,,,,
mbmvm01,Area 10,skos:exactMatch,UBERON:0013541,Brodmann (1909) area 10,HumanCuration,7/5/2022,orcid:0000-0002-6136-4102,"Liu C, et al. Marmoset Brain Mapping V3: Population multi-modal standard volumetric and surface-based templates. Neuroimage (2021) doi:10.1016/j.neuroimage.2020.117620.",,http://purl.obolibrary.org/obo/UBERON_0013541,http://purl.obolibrary.org/obo/uberon/releases/2022-06-20/uberon.owl,1,,,,,,,,,,,,
mbmvm02,Area 9,skos:exactMatch,UBERON:0013540,Brodmann (1909) area 9,HumanCuration,7/5/2022,orcid:0000-0002-6136-4102,"Liu C, et al. Marmoset Brain Mapping V3: Population multi-modal standard volumetric and surface-based templates. Neuroimage (2021) doi:10.1016/j.neuroimage.2020.117620.",,http://purl.obolibrary.org/obo/UBERON_0013540,http://purl.obolibrary.org/obo/uberon/releases/2022-06-20/uberon.owl,1,,,,,,,,,,,,
mbmvm03,Area 46,skos:exactMatch,UBERON:0006483,Brodmann (1909) area 46,HumanCuration,7/5/2022,orcid:0000-0002-6136-4102,"Liu C, et al. Marmoset Brain Mapping V3: Population multi-modal standard volumetric and surface-based templates. Neuroimage (2021) doi:10.1016/j.neuroimage.2020.117620.",,http://purl.obolibrary.org/obo/UBERON_0006483,http://purl.obolibrary.org/obo/uberon/releases/2022-06-20/uberon.owl,1,,,,,,,,,,,,
mbmvm04,Area 8,skos:exactMatch,UBERON:0013539,Brodmann (1909) area 8,HumanCuration,7/5/2022,orcid:0000-0002-6136-4102,"Liu C, et al. Marmoset Brain Mapping V3: Population multi-modal standard volumetric and surface-based templates. Neuroimage (2021) doi:10.1016/j.neuroimage.2020.117620.",,http://purl.obolibrary.org/obo/UBERON_0013539,http://purl.obolibrary.org/obo/uberon/releases/2022-06-20/uberon.owl,1,,,,,,,,,,,,
mbmvm05,Area 47,skos:exactMatch,UBERON:0006484,Brodmann (1909) area 47,HumanCuration,7/5/2022,orcid:0000-0002-6136-4102,"Liu C, et al. Marmoset Brain Mapping V3: Population multi-modal standard volumetric and surface-based templates. Neuroimage (2021) doi:10.1016/j.neuroimage.2020.117620.",,http://purl.obolibrary.org/obo/UBERON_0006484,http://purl.obolibrary.org/obo/uberon/releases/2022-06-20/uberon.owl,1,,,,,,,,,,,,
mbmvm06,Area 45,skos:exactMatch,UBERON:0006482,Brodmann (1909) area 45,HumanCuration,7/5/2022,orcid:0000-0002-6136-4102,"Liu C, et al. Marmoset Brain Mapping V3: Population multi-modal standard volumetric and surface-based templates. Neuroimage (2021) doi:10.1016/j.neuroimage.2020.117620.",,http://purl.obolibrary.org/obo/UBERON_0006482,http://purl.obolibrary.org/obo/uberon/releases/2022-06-20/uberon.owl,1,,,,,,,,,,,,
mbmvm07,"Proisocortical motor region 
(precentral opercular cortex)",skos:exactMatch,UBERON:0002605,precentral operculum,HumanCuration,7/1/2022,orcid:0000-0002-6136-4102,"Liu C, et al. Marmoset Brain Mapping V3: Population multi-modal standard volumetric and surface-based templates. Neuroimage (2021) doi:10.1016/j.neuroimage.2020.117620.",,http://purl.obolibrary.org/obo/UBERON_0002605,http://purl.obolibrary.org/obo/uberon/releases/2022-06-20/uberon.owl,0.85,not sure what is meant by prosiocortical motor region,,,,,,,,,,,
mbmvm08,Area 32,skos:exactMatch,UBERON:0013560,Brodmann (1909) area 32,HumanCuration,7/5/2022,orcid:0000-0002-6136-4102,"Liu C, et al. Marmoset Brain Mapping V3: Population multi-modal standard volumetric and surface-based templates. Neuroimage (2021) doi:10.1016/j.neuroimage.2020.117620.",,http://purl.obolibrary.org/obo/UBERON_0013560,http://purl.obolibrary.org/obo/uberon/releases/2022-06-20/uberon.owl,0.6,"mapped to UBEROn on the basis that the other entities labelled ""area"" correspond to Brodmann areas but this does not appear to correspond to the mPFC",,,,,,,,,,,
mbmvm09,Area 14,skos:exactMatch,UBERON:0013545,Brodmann (1909) area 14,HumanCuration,7/5/2022,orcid:0000-0002-6136-4102,"Liu C, et al. Marmoset Brain Mapping V3: Population multi-modal standard volumetric and surface-based templates. Neuroimage (2021) doi:10.1016/j.neuroimage.2020.117620.",,http://purl.obolibrary.org/obo/UBERON_0013545,http://purl.obolibrary.org/obo/uberon/releases/2022-06-20/uberon.owl,1,,,,,,,,,,,,
mbmvm10,Area 24,skos:exactMatch,UBERON:0006101,Brodmann (1909) area 24,HumanCuration,7/5/2022,orcid:0000-0002-6136-4102,"Liu C, et al. Marmoset Brain Mapping V3: Population multi-modal standard volumetric and surface-based templates. Neuroimage (2021) doi:10.1016/j.neuroimage.2020.117620.",,http://purl.obolibrary.org/obo/UBERON_0006101,http://purl.obolibrary.org/obo/uberon/releases/2022-06-20/uberon.owl,0.6,"mapped to UBEROn on the basis that the other entities labelled ""area"" correspond to Brodmann areas but this does not appear to correspond to the mPFC",,,,,,,,,,,
mbmvm11,Area 25,skos:exactMatch,UBERON:0013556,Brodmann (1909) area 25,HumanCuration,7/5/2022,orcid:0000-0002-6136-4102,"Liu C, et al. Marmoset Brain Mapping V3: Population multi-modal standard volumetric and surface-based templates. Neuroimage (2021) doi:10.1016/j.neuroimage.2020.117620.",,http://purl.obolibrary.org/obo/UBERON_0013556,http://purl.obolibrary.org/obo/uberon/releases/2022-06-20/uberon.owl,0.6,"mapped to UBEROn on the basis that the other entities labelled ""area"" correspond to Brodmann areas but this does not appear to correspond to the mPFC",,,,,,,,,,,
mbmvm12,Area 11,skos:exactMatch,UBERON:0013528,Brodmann (1909) area 11,HumanCuration,7/5/2022,orcid:0000-0002-6136-4102,"Liu C, et al. Marmoset Brain Mapping V3: Population multi-modal standard volumetric and surface-based templates. Neuroimage (2021) doi:10.1016/j.neuroimage.2020.117620.",,http://purl.obolibrary.org/obo/UBERON_0013528,http://purl.obolibrary.org/obo/uberon/releases/2022-06-20/uberon.owl,1,,,,,,,,,,,,
mbmvm13,Area 13,skos:exactMatch,UBERON:0013544,Brodmann (1909) area 13,HumanCuration,7/5/2022,orcid:0000-0002-6136-4102,"Liu C, et al. Marmoset Brain Mapping V3: Population multi-modal standard volumetric and surface-based templates. Neuroimage (2021) doi:10.1016/j.neuroimage.2020.117620.",,http://purl.obolibrary.org/obo/UBERON_0013544,http://purl.obolibrary.org/obo/uberon/releases/2022-06-20/uberon.owl,1,,,,,,,,,,,,
mbmvm14,Gustatory cortex,skos:broadMatch,UBERON:0034891,insular cortex,HumanCuration,7/1/2022,orcid:0000-0002-6136-4102,"Liu C, et al. Marmoset Brain Mapping V3: Population multi-modal standard volumetric and surface-based templates. Neuroimage (2021) doi:10.1016/j.neuroimage.2020.117620.",,http://purl.obolibrary.org/obo/UBERON_0034891,http://purl.obolibrary.org/obo/uberon/releases/2022-06-20/uberon.owl,0.8,"""because of its composition, the primary gustatory cortex is sometimes referred to in literature as the AI/FO (anterior insula/ frontal operculum)"". Chose to map it to both UBERON:0002947 (frontal operculum) and UBERON:0034891 (insular cortex) 
https://psycnet.apa.org/doiLanding?doi=10.1037%2F0735-7044.113.4.663",,,,,,,,,,,
mbmvm14,Gustatory cortex,skos:broadMatch,UBERON:0002947,frontal operculum,HumanCuration,7/1/2022,orcid:0000-0002-6136-4102,"Liu C, et al. Marmoset Brain Mapping V3: Population multi-modal standard volumetric and surface-based templates. Neuroimage (2021) doi:10.1016/j.neuroimage.2020.117620.",,http://purl.obolibrary.org/obo/UBERON_0002947,http://purl.obolibrary.org/obo/uberon/releases/2022-06-20/uberon.owl,0.8,"""because of its composition, the primary gustatory cortex is sometimes referred to in literature as the AI/FO (anterior insula/ frontal operculum)"". Chose to map it to both UBERON:0002947 (frontal operculum) and UBERON:0034891 (insular cortex) 
https://psycnet.apa.org/doiLanding?doi=10.1037%2F0735-7044.113.4.663",,,,,,,,,,,
mbmvm15,Orbital proisocortex and preiallocortex,skos:narrowMatch,UBERON:0014736 ,periallocortex,HumanCuration,7/1/2022,orcid:0000-0002-6136-4102,"Liu C, et al. Marmoset Brain Mapping V3: Population multi-modal standard volumetric and surface-based templates. Neuroimage (2021) doi:10.1016/j.neuroimage.2020.117620.",,http://purl.obolibrary.org/obo/UBERON_0014736,http://purl.obolibrary.org/obo/uberon/releases/2022-06-20/uberon.owl,0.9,"narrowly matched to part of the joint entity. ""orbital"" is not specified in UBERON term",,,,,,,,,,,
mbmvm15,Orbital proisocortex and preiallocortex,skos:narrowMatch,UBERON:0014951,proisocortex,HumanCuration,7/1/2022,orcid:0000-0002-6136-4102,"Liu C, et al. Marmoset Brain Mapping V3: Population multi-modal standard volumetric and surface-based templates. Neuroimage (2021) doi:10.1016/j.neuroimage.2020.117620.",,http://purl.obolibrary.org/obo/UBERON_0014951,http://purl.obolibrary.org/obo/uberon/releases/2022-06-20/uberon.owl,0.9,"narrowly matched to part of the joint entity. ""orbital"" is not specified in UBERON term",,,,,,,,,,,
mbmvm16,Area 6 (Premotor cortex),skos:exactMatch,UBERON:0016634,premotor cortex,HumanCuration,7/1/2022,orcid:0000-0002-6136-4102,"Liu C, et al. Marmoset Brain Mapping V3: Population multi-modal standard volumetric and surface-based templates. Neuroimage (2021) doi:10.1016/j.neuroimage.2020.117620.",,http://purl.obolibrary.org/obo/UBERON_0016634,http://purl.obolibrary.org/obo/uberon/releases/2022-06-20/uberon.owl,1,subject is labelled both as area 6 and premotor cortex so created two mappings to reflect this and the slight distinction between the two,,,,,,,,,,,
mbmvm16,Area 6 (Premotor cortex),skos:exactMatch,UBERON:0006472,Brodmann (1909) area 6,HumanCuration,7/18/2022,orcid:0000-0002-6136-4102,"Liu C, et al. Marmoset Brain Mapping V3: Population multi-modal standard volumetric and surface-based templates. Neuroimage (2021) doi:10.1016/j.neuroimage.2020.117620.",,http://purl.obolibrary.org/obo/UBERON_0006472,http://purl.obolibrary.org/obo/uberon/releases/2022-06-20/uberon.owl,1,subject is labelled both as area 6 and premotor cortex so created two mappings to reflect this and the slight distinction between the two,,,,,,,,,,,
mbmvm17,Area 4 (Primary motor cortex),skos:exactMatch,UBERON:0001384,primary motor cortex,HumanCuration,7/1/2022,orcid:0000-0002-6136-4102,"Liu C, et al. Marmoset Brain Mapping V3: Population multi-modal standard volumetric and surface-based templates. Neuroimage (2021) doi:10.1016/j.neuroimage.2020.117620.",,http://purl.obolibrary.org/obo/UBERON_0001384,http://purl.obolibrary.org/obo/uberon/releases/2022-06-20/uberon.owl,1,subject is labelled both as area 4 and primary motor cortex so created two mappings to reflect this and the slight differences between the two,,,,,,,,,,,
mbmvm17,Area 4 (Primary motor cortex),skos:exactMatch,UBERON:0013535,Brodmann (1909) area 4,HumanCuration,7/18/2022,orcid:0000-0002-6136-4102,"Liu C, et al. Marmoset Brain Mapping V3: Population multi-modal standard volumetric and surface-based templates. Neuroimage (2021) doi:10.1016/j.neuroimage.2020.117620.",,http://purl.obolibrary.org/obo/UBERON_0013535,http://purl.obolibrary.org/obo/uberon/releases/2022-06-20/uberon.owl,1,subject is labelled both as area 4 and primary motor cortex so created two mappings to reflect this and the slight differences between the two,,,,,,,,,,,
mbmvm18,"Primary somatosensory cortex
(Area 1-3)",skos:exactMatch,UBERON:0008933,primary somatosensory cortex,HumanCuration,6/30/2022,orcid:0000-0002-6136-4102,"Liu C, et al. Marmoset Brain Mapping V3: Population multi-modal standard volumetric and surface-based templates. Neuroimage (2021) doi:10.1016/j.neuroimage.2020.117620.",,http://purl.obolibrary.org/obo/UBERON_0008933,http://purl.obolibrary.org/obo/uberon/releases/2022-06-20/uberon.owl,1,,,,,,,,,,,,
mbmvm19,Secondary somatosensory cortex,skos:exactMatch,UBERON:0008934,secondary somatosensory cortex,HumanCuration,6/30/2022,orcid:0000-0002-6136-4102,"Liu C, et al. Marmoset Brain Mapping V3: Population multi-modal standard volumetric and surface-based templates. Neuroimage (2021) doi:10.1016/j.neuroimage.2020.117620.",,http://purl.obolibrary.org/obo/UBERON_0008934,http://purl.obolibrary.org/obo/uberon/releases/2022-06-20/uberon.owl,1,,,,,,,,,,,,
mbmvm20,Auditory core area,skos:exactMatch,UBERON:0034751,primary auditory cortex,HumanCuration,6/30/2022,orcid:0000-0002-6136-4102,"Liu C, et al. Marmoset Brain Mapping V3: Population multi-modal standard volumetric and surface-based templates. Neuroimage (2021) doi:10.1016/j.neuroimage.2020.117620.",,http://purl.obolibrary.org/obo/UBERON_0034751,http://purl.obolibrary.org/obo/uberon/releases/2022-06-20/uberon.owl,0.95,"article equating auditory core area with primary auditory cortex: 
https://www.ncbi.nlm.nih.gov/books/NBK554521/",,,,,,,,,,,
mbmvm21,Auditory belt area,skos:exactMatch,UBERON:0034752,secondary auditory cortex,HumanCuration,6/30/2022,orcid:0000-0002-6136-4102,"Liu C, et al. Marmoset Brain Mapping V3: Population multi-modal standard volumetric and surface-based templates. Neuroimage (2021) doi:10.1016/j.neuroimage.2020.117620.",,http://purl.obolibrary.org/obo/UBERON_0034752,http://purl.obolibrary.org/obo/uberon/releases/2022-06-20/uberon.owl,0.95,"article equating auditory belt area with secondary auditory cortex: 
https://www.ncbi.nlm.nih.gov/books/NBK554521/",,,,,,,,,,,
mbmvm22,Auditory parabelt area,skos:broadMatch,UBERON:0001393,auditory cortex,HumanCuration,7/5/2022,orcid:0000-0002-6136-4102,"Liu C, et al. Marmoset Brain Mapping V3: Population multi-modal standard volumetric and surface-based templates. Neuroimage (2021) doi:10.1016/j.neuroimage.2020.117620.",,http://purl.obolibrary.org/obo/UBERON_0001393,http://purl.obolibrary.org/obo/uberon/releases/2022-06-20/uberon.owl,0.9,broadly mapped tertiary auditory cortex to auditory cortex. Not sure if any of the entities within the parcellated auditory cortex entry are more accurate mappings,,,,,,,,,,,
mbmvm23,Superior temporal rostral area,skos:broadMatch,UBERON:0002769,superior temporal gyrus,HumanCuration,7/5/2022,orcid:0000-0002-6136-4102,"Liu C, et al. Marmoset Brain Mapping V3: Population multi-modal standard volumetric and surface-based templates. Neuroimage (2021) doi:10.1016/j.neuroimage.2020.117620.",,http://purl.obolibrary.org/obo/UBERON_0002769,http://purl.obolibrary.org/obo/uberon/releases/2022-06-20/uberon.owl,0.95,reccommendation for UBERON to include directional parcellation of superior temporal gyrus,,,,,,,,,,,
mbmvm24,Insular cortex,skos:exactMatch,UBERON:0034891,insular cortex,HumanCuration,6/30/2022,orcid:0000-0002-6136-4102,"Liu C, et al. Marmoset Brain Mapping V3: Population multi-modal standard volumetric and surface-based templates. Neuroimage (2021) doi:10.1016/j.neuroimage.2020.117620.",,http://purl.obolibrary.org/obo/UBERON_0034891,http://purl.obolibrary.org/obo/uberon/releases/2022-06-20/uberon.owl,1,,,,,,,,,,,,
mbmvm25,Parainsular cortex ,skos:exactMatch,UBERON:0006486,Brodmann (1909) area 52,HumanCuration,7/18/2022,orcid:0000-0002-6136-4102,"Liu C, et al. Marmoset Brain Mapping V3: Population multi-modal standard volumetric and surface-based templates. Neuroimage (2021) doi:10.1016/j.neuroimage.2020.117620.",,http://purl.obolibrary.org/obo/UBERON_0006486,http://purl.obolibrary.org/obo/uberon/releases/2022-06-20/uberon.owl,0.7,"-Brodmann area 52 is described as the parainsular cortex but the accuracy of the match needs to be verified. Reccommendation to UBERON to include a parainsular cortex entry
-UBERON parcelates only to granular and agranuar insular cortices but more comprehensive multi-modal parcellation studies of NHPs the Parainsular cortex has been found 
https://www.ncbi.nlm.nih.gov/pmc/articles/PMC6032992/",,,,,,,,,,,
mbmvm26,Temporoparietal transitional area,skos:exactMatch,UBERON:0023852,temporoparietal junction,HumanCuration,7/5/2022,orcid:0000-0002-6136-4102,"Liu C, et al. Marmoset Brain Mapping V3: Population multi-modal standard volumetric and surface-based templates. Neuroimage (2021) doi:10.1016/j.neuroimage.2020.117620.",,http://purl.obolibrary.org/obo/UBERON_0023852,http://purl.obolibrary.org/obo/uberon/releases/2022-06-20/uberon.owl,0.7,semantic inference lead to equating transitional area with junction but not entirely sure that it refers to the same structure,,,,,,,,,,,
mbmvm27,"Temporo-parieto-occipital association area
 (superior temporal polysensory cortex)",skos:broadMatch,UBERON:0035013,temporal cortex association area,HumanCuration,7/18/2022,orcid:0000-0002-6136-4102,"Liu C, et al. Marmoset Brain Mapping V3: Population multi-modal standard volumetric and surface-based templates. Neuroimage (2021) doi:10.1016/j.neuroimage.2020.117620.",,http://purl.obolibrary.org/obo/UBERON_0035013,http://purl.obolibrary.org/obo/uberon/releases/2022-06-20/uberon.owl,0.7,"picked this map to represent areas concerned with higher order integration of sensory inputs, but not sure if it best reflects the interface of the three lobes. More investigation is required by domain specialist and reccomendation to UBERON to include more specific association regions",,,,,,,,,,,
mbmvm28,Fundus of superior temproal area,skos:broadMatch,UBERON:0002734,superior temporal sulcus,HumanCuration,7/5/2022,orcid:0000-0002-6136-4102,"Liu C, et al. Marmoset Brain Mapping V3: Population multi-modal standard volumetric and surface-based templates. Neuroimage (2021) doi:10.1016/j.neuroimage.2020.117620.",,http://purl.obolibrary.org/obo/UBERON_0002734,http://purl.obolibrary.org/obo/uberon/releases/2022-06-20/uberon.owl,0.8,"UBERON parcelates only to agranular sulcus and banks of superior temporal sulcus which do not adequately capture the fundus entity, reccomendation would be to include this area",,,,,,,,,,,
mbmvm29,Interior temporal area,skos:narrowMatch,UBERON:0002751,inferior temporal gyrus,HumanCuration,7/5/2022,orcid:0000-0002-6136-4102,"Liu C, et al. Marmoset Brain Mapping V3: Population multi-modal standard volumetric and surface-based templates. Neuroimage (2021) doi:10.1016/j.neuroimage.2020.117620.",,http://purl.obolibrary.org/obo/UBERON_0002751,http://purl.obolibrary.org/obo/uberon/releases/2022-06-20/uberon.owl,0.8,"assuming that the label was meant to be inferior rather than interior. Additionally: the inferior temporal area in humans and NHPs consists of the middle and inferior temporal gyri. created two mappings to reflect this composite
http://www.scholarpedia.org/article/Inferior_temporal_cortex#:~:text=Inferior%20Temporal%20(IT)%20Cortex%20is,the%20ventral%20cortical%20visual%20system.",,,,,,,,,,,
mbmvm29,Interior temporal area,skos:narrowMatch,UBERON:0002771,middle temporal gyrus,HumanCuration,7/18/2022,orcid:0000-0002-6136-4102,"Liu C, et al. Marmoset Brain Mapping V3: Population multi-modal standard volumetric and surface-based templates. Neuroimage (2021) doi:10.1016/j.neuroimage.2020.117620.",,http://purl.obolibrary.org/obo/UBERON_0002771,http://purl.obolibrary.org/obo/uberon/releases/2022-06-20/uberon.owl,0.8,"assuming that the label was meant to be inferior rather than interior. Additionally: the inferior temporal area in humans and NHPs consists of the middle and inferior temporal gyri. created two mappings to reflect this composite
http://www.scholarpedia.org/article/Inferior_temporal_cortex#:~:text=Inferior%20Temporal%20(IT)%20Cortex%20is,the%20ventral%20cortical%20visual%20system.",,,,,,,,,,,
mbmvm30,Temporopolar proisocortex,skos:exactMatch,UBERON:0006479,Brodmann (1909) area 38,HumanCuration,7/5/2022,orcid:0000-0002-6136-4102,"Liu C, et al. Marmoset Brain Mapping V3: Population multi-modal standard volumetric and surface-based templates. Neuroimage (2021) doi:10.1016/j.neuroimage.2020.117620.",,http://purl.obolibrary.org/obo/UBERON_0006479,http://purl.obolibrary.org/obo/uberon/releases/2022-06-20/uberon.owl,0.7,"-Brodmann area 38 is descrbed as the temperopolar cortex but domain specific validation is essential to verify 
-reccomendation to UBERON would be to include this region",,,,,,,,,,,
mbmvm31,"Perihinal cortex  (Area 35,36)",skos:exactMatch,UBERON:0006083,perirhinal cortex,HumanCuration,7/1/2022,orcid:0000-0002-6136-4102,"Liu C, et al. Marmoset Brain Mapping V3: Population multi-modal standard volumetric and surface-based templates. Neuroimage (2021) doi:10.1016/j.neuroimage.2020.117620.",,http://purl.obolibrary.org/obo/UBERON_0006083,http://purl.obolibrary.org/obo/uberon/releases/2022-06-20/uberon.owl,1,,,,,,,,,,,,
mbmvm31,"Perihinal cortex  (Area 35,36)",skos:narrowMatch,UBERON:0006102,Brodmann (1909) area 35,HumanCuration,7/18/2022,orcid:0000-0002-6136-4102,"Liu C, et al. Marmoset Brain Mapping V3: Population multi-modal standard volumetric and surface-based templates. Neuroimage (2021) doi:10.1016/j.neuroimage.2020.117620.",,http://purl.obolibrary.org/obo/UBERON_0006102,http://purl.obolibrary.org/obo/uberon/releases/2022-06-20/uberon.owl,1,,,,,,,,,,,,
mbmvm31,"Perihinal cortex  (Area 35,36)",skos:narrowMatch,UBERON:0006104,Brodmann (1909) area 36,HumanCuration,7/18/2022,orcid:0000-0002-6136-4102,"Liu C, et al. Marmoset Brain Mapping V3: Population multi-modal standard volumetric and surface-based templates. Neuroimage (2021) doi:10.1016/j.neuroimage.2020.117620.",,http://purl.obolibrary.org/obo/UBERON_0006104,http://purl.obolibrary.org/obo/uberon/releases/2022-06-20/uberon.owl,1,,,,,,,,,,,,
mbmvm32,Entorhinal cortex,skos:exactMatch,UBERON:0002728,entorhinal cortex,HumanCuration,6/30/2022,orcid:0000-0002-6136-4102,"Liu C, et al. Marmoset Brain Mapping V3: Population multi-modal standard volumetric and surface-based templates. Neuroimage (2021) doi:10.1016/j.neuroimage.2020.117620.",,http://purl.obolibrary.org/obo/UBERON_0002728,http://purl.obolibrary.org/obo/uberon/releases/2022-06-20/uberon.owl,1,,,,,,,,,,,,
mbmvm33,Parahippocampal complex (Temporal area TL/TF/TH),skos:exactMatch,UBERON:0002973,parahippocampal gyrus,HumanCuration,7/5/2022,orcid:0000-0002-6136-4102,"Liu C, et al. Marmoset Brain Mapping V3: Population multi-modal standard volumetric and surface-based templates. Neuroimage (2021) doi:10.1016/j.neuroimage.2020.117620.",,http://purl.obolibrary.org/obo/UBERON_0002973,http://purl.obolibrary.org/obo/uberon/releases/2022-06-20/uberon.owl,0.8,Unsure of the direct comparability of the terms complex and gyrus,,,,,,,,,,,
mbmvm34,Piriform,skos:exactMatch,UBERON:0004725,piriform cortex,HumanCuration,7/1/2022,orcid:0000-0002-6136-4102,"Liu C, et al. Marmoset Brain Mapping V3: Population multi-modal standard volumetric and surface-based templates. Neuroimage (2021) doi:10.1016/j.neuroimage.2020.117620.",,http://purl.obolibrary.org/obo/UBERON_0004725,http://purl.obolibrary.org/obo/uberon/releases/2022-06-20/uberon.owl,0.8,Not sure what is meant just by piriform. This complex comprises 3 layers of the piriform cortex as well as the entorhinal cortex,,,,,,,,,,,
mbmvm35,Subiculum,skos:exactMatch,UBERON:0002191,subiculum,HumanCuration,6/30/2022,orcid:0000-0002-6136-4102,"Liu C, et al. Marmoset Brain Mapping V3: Population multi-modal standard volumetric and surface-based templates. Neuroimage (2021) doi:10.1016/j.neuroimage.2020.117620.",,http://purl.obolibrary.org/obo/UBERON_0002191,http://purl.obolibrary.org/obo/uberon/releases/2022-06-20/uberon.owl,1,,,,,,,,,,,,
mbmvm36,"Parietal area dorsal
",skos:broadMatch,UBERON:0034889,posterior parietal cortex,HumanCuration,7/5/2022,orcid:0000-0002-6136-4102,"Liu C, et al. Marmoset Brain Mapping V3: Population multi-modal standard volumetric and surface-based templates. Neuroimage (2021) doi:10.1016/j.neuroimage.2020.117620.",,http://purl.obolibrary.org/obo/UBERON_0034889,http://purl.obolibrary.org/obo/uberon/releases/2022-06-20/uberon.owl,1,UBERON term for posterior parietal cortex is not parcellated further,,,,,,,,,,,
mbmvm37,"Parietal area ventral PF and PFG
",skos:broadMatch,UBERON:0002688,supramarginal gyrus,HumanCuration,7/5/2022,orcid:0000-0002-6136-4102,"Liu C, et al. Marmoset Brain Mapping V3: Population multi-modal standard volumetric and surface-based templates. Neuroimage (2021) doi:10.1016/j.neuroimage.2020.117620.",,http://purl.obolibrary.org/obo/UBERON_0002688,http://purl.obolibrary.org/obo/uberon/releases/2022-06-20/uberon.owl,0.9,Broadly matched to the structures the entities are located on. They map more directly to UBERON:0013573 (Broadmann area 40)  but opted not to do so for consistency. ,,,,,,,,,,,
mbmvm37,"Parietal area ventral PF and PFG
",skos:narrowMatch,UBERON:0013573,Brodmann (1909) area 40,HumanCuration,7/18/2022,orcid:0000-0002-6136-4102,"Liu C, et al. Marmoset Brain Mapping V3: Population multi-modal standard volumetric and surface-based templates. Neuroimage (2021) doi:10.1016/j.neuroimage.2020.117620.",,http://purl.obolibrary.org/obo/UBERON_0013573,http://purl.obolibrary.org/obo/uberon/releases/2022-06-20/uberon.owl,0.7,"Area PF has been defined as Brodmann area 40 but careful verification is required. Reccomendation to UBERON is to have an entity describing the inferior parietal lobule and areas PG and PFG
https://www.sciencedirect.com/topics/neuroscience/inferior-parietal-lobule",,,,,,,,,,,
mbmvm38,Parietal area ventral PG,skos:broadMatch,UBERON:0002686,angular gyrus,HumanCuration,7/5/2022,orcid:0000-0002-6136-4102,"Liu C, et al. Marmoset Brain Mapping V3: Population multi-modal standard volumetric and surface-based templates. Neuroimage (2021) doi:10.1016/j.neuroimage.2020.117620.",,"
http://purl.obolibrary.org/obo/UBERON_0002686",http://purl.obolibrary.org/obo/uberon/releases/2022-06-20/uberon.owl,0.9,Broadly matched to the structures the entity is located on. They map more directly to UBERON:0006480 (Broadmann area 39)  but opted not to do so for consistency. ,,,,,,,,,,,
mbmvm38,Parietal area ventral PG,skos:exactMatch,UBERON:0006480,Brodmann (1909) area 39,HumanCuration,7/18/2022,orcid:0000-0002-6136-4102,"Liu C, et al. Marmoset Brain Mapping V3: Population multi-modal standard volumetric and surface-based templates. Neuroimage (2021) doi:10.1016/j.neuroimage.2020.117620.",,http://purl.obolibrary.org/obo/UBERON_0006480,http://purl.obolibrary.org/obo/uberon/releases/2022-06-20/uberon.owl,0.7,"Area PG has been defined as Brodmann area 39 but careful verification is required. Reccomendation to UBERON is to have an entity describing the inferior parietal lobule and areas PG and PFG
https://www.sciencedirect.com/topics/neuroscience/inferior-parietal-lobule",,,,,,,,,,,
mbmvm39,Occipito-parietal transitional area,skos:exactMatch,UBERON:0002695,parieto-occipital sulcus,HumanCuration,7/6/2022,orcid:0000-0002-6136-4102,"Liu C, et al. Marmoset Brain Mapping V3: Population multi-modal standard volumetric and surface-based templates. Neuroimage (2021) doi:10.1016/j.neuroimage.2020.117620.",,http://purl.obolibrary.org/obo/UBERON_0002695,http://purl.obolibrary.org/obo/uberon/releases/2022-06-20/uberon.owl,0.8,,,,,,,,,,,,
mbmvm40,Intraparietal area,skos:exactMatch,UBERON:0002913,intraparietal sulcus,HumanCuration,7/5/2022,orcid:0000-0002-6136-4102,"Liu C, et al. Marmoset Brain Mapping V3: Population multi-modal standard volumetric and surface-based templates. Neuroimage (2021) doi:10.1016/j.neuroimage.2020.117620.",,http://purl.obolibrary.org/obo/UBERON_0002913,http://purl.obolibrary.org/obo/uberon/releases/2022-06-20/uberon.owl,0.9,"The term ""area"" from the label is a little vague but it seems likely that this is the stucture it is referring to ",,,,,,,,,,,
mbmvm41,Area 23,skos:exactMatch,UBERON:0013554,Brodmann (1909) area 23,HumanCuration,7/5/2022,orcid:0000-0002-6136-4102,"Liu C, et al. Marmoset Brain Mapping V3: Population multi-modal standard volumetric and surface-based templates. Neuroimage (2021) doi:10.1016/j.neuroimage.2020.117620.",,http://purl.obolibrary.org/obo/UBERON_0013554,http://purl.obolibrary.org/obo/uberon/releases/2022-06-20/uberon.owl,1,,,,,,,,,,,,
mbmvm42,Area 29/A30,skos:narrowMatch,UBERON:0004717,Brodmann (1909) area 29,HumanCuration,7/5/2022,orcid:0000-0002-6136-4102,"Liu C, et al. Marmoset Brain Mapping V3: Population multi-modal standard volumetric and surface-based templates. Neuroimage (2021) doi:10.1016/j.neuroimage.2020.117620.",,http://purl.obolibrary.org/obo/UBERON_0004717,http://purl.obolibrary.org/obo/uberon/releases/2022-06-20/uberon.owl,1,No UBERON entry matches both areas 29 and 30 so created a mapping for each,,,,,,,,,,,
mbmvm42,Area 29/A30,skos:narrowMatch,UBERON:0006474,Brodmann (1909) area 30,HumanCuration,7/5/2022,orcid:0000-0002-6136-4102,"Liu C, et al. Marmoset Brain Mapping V3: Population multi-modal standard volumetric and surface-based templates. Neuroimage (2021) doi:10.1016/j.neuroimage.2020.117620.",,http://purl.obolibrary.org/obo/UBERON_0006474,http://purl.obolibrary.org/obo/uberon/releases/2022-06-20/uberon.owl,1,No UBERON entry matches both areas 29 and 30 so created a mapping for each,,,,,,,,,,,
mbmvm43,Area 31,skos:exactMatch,UBERON:0006475,Brodmann (1909) area 31,HumanCuration,7/5/2022,orcid:0000-0002-6136-4102,"Liu C, et al. Marmoset Brain Mapping V3: Population multi-modal standard volumetric and surface-based templates. Neuroimage (2021) doi:10.1016/j.neuroimage.2020.117620.",,http://purl.obolibrary.org/obo/UBERON_0006475,http://purl.obolibrary.org/obo/uberon/releases/2022-06-20/uberon.owl,1,,,,,,,,,,,,
mbmvm44,Parietal area medial PGM,skos:broadMatch,UBERON:0016530,parietal cortex,HumanCuration,7/5/2022,orcid:0000-0002-6136-4102,"Liu C, et al. Marmoset Brain Mapping V3: Population multi-modal standard volumetric and surface-based templates. Neuroimage (2021) doi:10.1016/j.neuroimage.2020.117620.",,http://purl.obolibrary.org/obo/UBERON_0016530,http://purl.obolibrary.org/obo/uberon/releases/2022-06-20/uberon.owl,1,,,,,,,,,,,,
mbmvm45,Prostriate area,skos:broadMatch,UBERON:0002586,calcarine sulcus,HumanCuration,7/5/2022,orcid:0000-0002-6136-4102,"Liu C, et al. Marmoset Brain Mapping V3: Population multi-modal standard volumetric and surface-based templates. Neuroimage (2021) doi:10.1016/j.neuroimage.2020.117620.",,http://purl.obolibrary.org/obo/UBERON_0002586,http://purl.obolibrary.org/obo/uberon/releases/2022-06-20/uberon.owl,0.8,"""Area prostriate is a cortical area at the fundus of the calcarine sulcus, described anatomically in humans [1-5] and other primates""  
10.1016/j.cub.2017.08.065
UBERON entry is parcellated into dorsal and ventral but not fundus
",,,,,,,,,,,
mbmvm46,Visual area V1,skos:exactMatch,UBERON:0002436,primary visual cortex,HumanCuration,6/30/2022,orcid:0000-0002-6136-4102,"Liu C, et al. Marmoset Brain Mapping V3: Population multi-modal standard volumetric and surface-based templates. Neuroimage (2021) doi:10.1016/j.neuroimage.2020.117620.",,http://purl.obolibrary.org/obo/UBERON_0000348,http://purl.obolibrary.org/obo/uberon/releases/2022-06-20/uberon.owl,1,,,,,,,,,,,,
mbmvm47,Visual area V2,skos:exactMatch,UBERON:0022232,secondary visual cortex,HumanCuration,6/30/2022,orcid:0000-0002-6136-4102,"Liu C, et al. Marmoset Brain Mapping V3: Population multi-modal standard volumetric and surface-based templates. Neuroimage (2021) doi:10.1016/j.neuroimage.2020.117620.",,http://purl.obolibrary.org/obo/UBERON_0022232,http://purl.obolibrary.org/obo/uberon/releases/2022-06-20/uberon.owl,1,"This source equates V2 with secondary visual cortex and the prestriate cortex: https://dictionary.apa.org/secondary-visual-cortex
reccomendation for UBERON is to include further parcellations of the visual cortex",,,,,,,,,,,
mbmvm48,Visual area V3,skos:broadMatch,UBERON:0014370,extrastriate cortex,HumanCuration,7/5/2022,orcid:0000-0002-6136-4102,"Liu C, et al. Marmoset Brain Mapping V3: Population multi-modal standard volumetric and surface-based templates. Neuroimage (2021) doi:10.1016/j.neuroimage.2020.117620.",,http://purl.obolibrary.org/obo/UBERON_0014370,http://purl.obolibrary.org/obo/uberon/releases/2022-06-20/uberon.owl,0.9,v3 is located in the extrastriate cortex which is not parcellated in UBERON,,,,,,,,,,,
mbmvm49,Visual area V4,skos:broadMatch,UBERON:0014370,extrastriate cortex,HumanCuration,7/5/2022,orcid:0000-0002-6136-4102,"Liu C, et al. Marmoset Brain Mapping V3: Population multi-modal standard volumetric and surface-based templates. Neuroimage (2021) doi:10.1016/j.neuroimage.2020.117620.",,http://purl.obolibrary.org/obo/UBERON_0014370,http://purl.obolibrary.org/obo/uberon/releases/2022-06-20/uberon.owl,0.9,v4 is located in the extrastriate cortex which is not parcellated in UBERON,,,,,,,,,,,
mbmvm50,"Visual area V5 
(MT)",skos:broadMatch,UBERON:0014370,extrastriate cortex,HumanCuration,7/5/2022,orcid:0000-0002-6136-4102,"Liu C, et al. Marmoset Brain Mapping V3: Population multi-modal standard volumetric and surface-based templates. Neuroimage (2021) doi:10.1016/j.neuroimage.2020.117620.",,http://purl.obolibrary.org/obo/UBERON_0014370,http://purl.obolibrary.org/obo/uberon/releases/2022-06-20/uberon.owl,0.9,v4 is located in the extrastriate cortex which is not parcellated in UBERON,,,,,,,,,,,
mbmvm51,Visual area V6,skos:broadMatch,UBERON:0014370,extrastriate cortex,HumanCuration,7/5/2022,orcid:0000-0002-6136-4102,"Liu C, et al. Marmoset Brain Mapping V3: Population multi-modal standard volumetric and surface-based templates. Neuroimage (2021) doi:10.1016/j.neuroimage.2020.117620.",,http://purl.obolibrary.org/obo/UBERON_0014370,http://purl.obolibrary.org/obo/uberon/releases/2022-06-20/uberon.owl,0.9,v6 is located in the dorsal part of the extrastriate cortex which is not parcellated in UBERON,,,,,,,,,,,
mbmvm52,Area 19 dorsointermediate part,skos:broadMatch,UBERON:0013550,Brodmann (1909) area 19,HumanCuration,7/5/2022,orcid:0000-0002-6136-4102,"Liu C, et al. Marmoset Brain Mapping V3: Population multi-modal standard volumetric and surface-based templates. Neuroimage (2021) doi:10.1016/j.neuroimage.2020.117620.",,http://purl.obolibrary.org/obo/UBERON_0013550,http://purl.obolibrary.org/obo/uberon/releases/2022-06-20/uberon.owl,1,A19 is not parcellated in UBERON,,,,,,,,,,,
mbmvm53,A19 medial part,skos:broadMatch,UBERON:0013550,Brodmann (1909) area 20,HumanCuration,7/5/2022,orcid:0000-0002-6136-4102,"Liu C, et al. Marmoset Brain Mapping V3: Population multi-modal standard volumetric and surface-based templates. Neuroimage (2021) doi:10.1016/j.neuroimage.2020.117620.",,http://purl.obolibrary.org/obo/UBERON_0013551,http://purl.obolibrary.org/obo/uberon/releases/2022-06-20/uberon.owl,1,A19 is not parcellated in UBERON,,,,,,,,,,,
mbmvm54,Medial superior temporal area,skos:broadMatch,UBERON:0002734,superior temporal sulcus,HumanCuration,7/5/2022,orcid:0000-0002-6136-4102,"Liu C, et al. Marmoset Brain Mapping V3: Population multi-modal standard volumetric and surface-based templates. Neuroimage (2021) doi:10.1016/j.neuroimage.2020.117620.",,http://purl.obolibrary.org/obo/UBERON_0002734,http://purl.obolibrary.org/obo/uberon/releases/2022-06-20/uberon.owl,0.9,"MT and MST are located on the STS
https://en.wikipedia.org/wiki/Medial_superior_temporal_area#:~:text=The%20medial%20superior%20temporal%20(MST,in%20the%20detection%20of%20motion.",,,,,,,,,,,
,,,,,,,,,,,,,,,,,,,,,,,,
,,,,,,,,,,,,,,,,,,,,,,,,
,,,,,,,,,,,,,,,,,,,,,,,,
,,,,,,,,,,,,,,,,,,,,,,,,
,,,,,,,,,,,,,,,,,,,,,,,,
,,,,,,,,,,,,,,,,,,,,,,,,
,,,,,,,,,,,,,,,,,,,,,,,,
,,,,,,,,,,,,,,,,,,,,,,,,
,,,,,,,,,,,,,,,,,,,,,,,,
,,,,,,,,,,,,,,,,,,,,,,,,
,,,,,,,,,,,,,,,,,,,,,,,,
,,,,,,,,,,,,,,,,,,,,,,,,
,,,,,,,,,,,,,,,,,,,,,,,,
,,,,,,,,,,,,,,,,,,,,,,,,
,,,,,,,,,,,,,,,,,,,,,,,,
,,,,,,,,,,,,,,,,,,,,,,,,
,,,,,,,,,,,,,,,,,,,,,,,,
,,,,,,,,,,,,,,,,,,,,,,,,
,,,,,,,,,,,,,,,,,,,,,,,,
,,,,,,,,,,,,,,,,,,,,,,,,
,,,,,,,,,,,,,,,,,,,,,,,,
,,,,,,,,,,,,,,,,,,,,,,,,
,,,,,,,,,,,,,,,,,,,,,,,,
,,,,,,,,,,,,,,,,,,,,,,,,
,,,,,,,,,,,,,,,,,,,,,,,,
,,,,,,,,,,,,,,,,,,,,,,,,
,,,,,,,,,,,,,,,,,,,,,,,,
,,,,,,,,,,,,,,,,,,,,,,,,
,,,,,,,,,,,,,,,,,,,,,,,,
,,,,,,,,,,,,,,,,,,,,,,,,
,,,,,,,,,,,,,,,,,,,,,,,,
,,,,,,,,,,,,,,,,,,,,,,,,
,,,,,,,,,,,,,,,,,,,,,,,,
,,,,,,,,,,,,,,,,,,,,,,,,
,,,,,,,,,,,,,,,,,,,,,,,,
,,,,,,,,,,,,,,,,,,,,,,,,
,,,,,,,,,,,,,,,,,,,,,,,,
,,,,,,,,,,,,,,,,,,,,,,,,
,,,,,,,,,,,,,,,,,,,,,,,,
,,,,,,,,,,,,,,,,,,,,,,,,
,,,,,,,,,,,,,,,,,,,,,,,,
,,,,,,,,,,,,,,,,,,,,,,,,
,,,,,,,,,,,,,,,,,,,,,,,,
,,,,,,,,,,,,,,,,,,,,,,,,
,,,,,,,,,,,,,,,,,,,,,,,,
,,,,,,,,,,,,,,,,,,,,,,,,
,,,,,,,,,,,,,,,,,,,,,,,,
,,,,,,,,,,,,,,,,,,,,,,,,
,,,,,,,,,,,,,,,,,,,,,,,,
,,,,,,,,,,,,,,,,,,,,,,,,
,,,,,,,,,,,,,,,,,,,,,,,,
,,,,,,,,,,,,,,,,,,,,,,,,
,,,,,,,,,,,,,,,,,,,,,,,,
,,,,,,,,,,,,,,,,,,,,,,,,
,,,,,,,,,,,,,,,,,,,,,,,,
,,,,,,,,,,,,,,,,,,,,,,,,
,,,,,,,,,,,,,,,,,,,,,,,,
,,,,,,,,,,,,,,,,,,,,,,,,
,,,,,,,,,,,,,,,,,,,,,,,,
,,,,,,,,,,,,,,,,,,,,,,,,
,,,,,,,,,,,,,,,,,,,,,,,,
,,,,,,,,,,,,,,,,,,,,,,,,
,,,,,,,,,,,,,,,,,,,,,,,,
,,,,,,,,,,,,,,,,,,,,,,,,
,,,,,,,,,,,,,,,,,,,,,,,,
,,,,,,,,,,,,,,,,,,,,,,,,
,,,,,,,,,,,,,,,,,,,,,,,,
,,,,,,,,,,,,,,,,,,,,,,,,
,,,,,,,,,,,,,,,,,,,,,,,,
,,,,,,,,,,,,,,,,,,,,,,,,
,,,,,,,,,,,,,,,,,,,,,,,,
,,,,,,,,,,,,,,,,,,,,,,,,
,,,,,,,,,,,,,,,,,,,,,,,,
,,,,,,,,,,,,,,,,,,,,,,,,
,,,,,,,,,,,,,,,,,,,,,,,,
,,,,,,,,,,,,,,,,,,,,,,,,
,,,,,,,,,,,,,,,,,,,,,,,,
,,,,,,,,,,,,,,,,,,,,,,,,
,,,,,,,,,,,,,,,,,,,,,,,,
,,,,,,,,,,,,,,,,,,,,,,,,
,,,,,,,,,,,,,,,,,,,,,,,,
,,,,,,,,,,,,,,,,,,,,,,,,
,,,,,,,,,,,,,,,,,,,,,,,,
,,,,,,,,,,,,,,,,,,,,,,,,
,,,,,,,,,,,,,,,,,,,,,,,,
,,,,,,,,,,,,,,,,,,,,,,,,
,,,,,,,,,,,,,,,,,,,,,,,,
,,,,,,,,,,,,,,,,,,,,,,,,
,,,,,,,,,,,,,,,,,,,,,,,,
,,,,,,,,,,,,,,,,,,,,,,,,
,,,,,,,,,,,,,,,,,,,,,,,,
,,,,,,,,,,,,,,,,,,,,,,,,
,,,,,,,,,,,,,,,,,,,,,,,,
,,,,,,,,,,,,,,,,,,,,,,,,
,,,,,,,,,,,,,,,,,,,,,,,,
,,,,,,,,,,,,,,,,,,,,,,,,
,,,,,,,,,,,,,,,,,,,,,,,,
,,,,,,,,,,,,,,,,,,,,,,,,
,,,,,,,,,,,,,,,,,,,,,,,,
,,,,,,,,,,,,,,,,,,,,,,,,
,,,,,,,,,,,,,,,,,,,,,,,,
,,,,,,,,,,,,,,,,,,,,,,,,
,,,,,,,,,,,,,,,,,,,,,,,,
,,,,,,,,,,,,,,,,,,,,,,,,
,,,,,,,,,,,,,,,,,,,,,,,,
,,,,,,,,,,,,,,,,,,,,,,,,
,,,,,,,,,,,,,,,,,,,,,,,,
,,,,,,,,,,,,,,,,,,,,,,,,
,,,,,,,,,,,,,,,,,,,,,,,,
,,,,,,,,,,,,,,,,,,,,,,,,
,,,,,,,,,,,,,,,,,,,,,,,,
,,,,,,,,,,,,,,,,,,,,,,,,
,,,,,,,,,,,,,,,,,,,,,,,,
,,,,,,,,,,,,,,,,,,,,,,,,
,,,,,,,,,,,,,,,,,,,,,,,,
,,,,,,,,,,,,,,,,,,,,,,,,
,,,,,,,,,,,,,,,,,,,,,,,,
,,,,,,,,,,,,,,,,,,,,,,,,
,,,,,,,,,,,,,,,,,,,,,,,,
,,,,,,,,,,,,,,,,,,,,,,,,
,,,,,,,,,,,,,,,,,,,,,,,,
,,,,,,,,,,,,,,,,,,,,,,,,
,,,,,,,,,,,,,,,,,,,,,,,,
,,,,,,,,,,,,,,,,,,,,,,,,
,,,,,,,,,,,,,,,,,,,,,,,,
,,,,,,,,,,,,,,,,,,,,,,,,
,,,,,,,,,,,,,,,,,,,,,,,,
,,,,,,,,,,,,,,,,,,,,,,,,
,,,,,,,,,,,,,,,,,,,,,,,,
,,,,,,,,,,,,,,,,,,,,,,,,
,,,,,,,,,,,,,,,,,,,,,,,,
,,,,,,,,,,,,,,,,,,,,,,,,
,,,,,,,,,,,,,,,,,,,,,,,,
,,,,,,,,,,,,,,,,,,,,,,,,
,,,,,,,,,,,,,,,,,,,,,,,,
,,,,,,,,,,,,,,,,,,,,,,,,
,,,,,,,,,,,,,,,,,,,,,,,,
,,,,,,,,,,,,,,,,,,,,,,,,
,,,,,,,,,,,,,,,,,,,,,,,,
,,,,,,,,,,,,,,,,,,,,,,,,
,,,,,,,,,,,,,,,,,,,,,,,,
,,,,,,,,,,,,,,,,,,,,,,,,
,,,,,,,,,,,,,,,,,,,,,,,,
,,,,,,,,,,,,,,,,,,,,,,,,
,,,,,,,,,,,,,,,,,,,,,,,,
,,,,,,,,,,,,,,,,,,,,,,,,
,,,,,,,,,,,,,,,,,,,,,,,,
,,,,,,,,,,,,,,,,,,,,,,,,
,,,,,,,,,,,,,,,,,,,,,,,,
,,,,,,,,,,,,,,,,,,,,,,,,
,,,,,,,,,,,,,,,,,,,,,,,,
,,,,,,,,,,,,,,,,,,,,,,,,
,,,,,,,,,,,,,,,,,,,,,,,,
,,,,,,,,,,,,,,,,,,,,,,,,
,,,,,,,,,,,,,,,,,,,,,,,,
,,,,,,,,,,,,,,,,,,,,,,,,
,,,,,,,,,,,,,,,,,,,,,,,,
,,,,,,,,,,,,,,,,,,,,,,,,
,,,,,,,,,,,,,,,,,,,,,,,,
,,,,,,,,,,,,,,,,,,,,,,,,
,,,,,,,,,,,,,,,,,,,,,,,,
,,,,,,,,,,,,,,,,,,,,,,,,
,,,,,,,,,,,,,,,,,,,,,,,,
,,,,,,,,,,,,,,,,,,,,,,,,
,,,,,,,,,,,,,,,,,,,,,,,,
,,,,,,,,,,,,,,,,,,,,,,,,
,,,,,,,,,,,,,,,,,,,,,,,,
,,,,,,,,,,,,,,,,,,,,,,,,
,,,,,,,,,,,,,,,,,,,,,,,,
,,,,,,,,,,,,,,,,,,,,,,,,
,,,,,,,,,,,,,,,,,,,,,,,,
,,,,,,,,,,,,,,,,,,,,,,,,
,,,,,,,,,,,,,,,,,,,,,,,,
,,,,,,,,,,,,,,,,,,,,,,,,
,,,,,,,,,,,,,,,,,,,,,,,,
,,,,,,,,,,,,,,,,,,,,,,,,
,,,,,,,,,,,,,,,,,,,,,,,,
,,,,,,,,,,,,,,,,,,,,,,,,
,,,,,,,,,,,,,,,,,,,,,,,,
,,,,,,,,,,,,,,,,,,,,,,,,
,,,,,,,,,,,,,,,,,,,,,,,,
,,,,,,,,,,,,,,,,,,,,,,,,
,,,,,,,,,,,,,,,,,,,,,,,,
,,,,,,,,,,,,,,,,,,,,,,,,
,,,,,,,,,,,,,,,,,,,,,,,,
,,,,,,,,,,,,,,,,,,,,,,,,
,,,,,,,,,,,,,,,,,,,,,,,,
,,,,,,,,,,,,,,,,,,,,,,,,
,,,,,,,,,,,,,,,,,,,,,,,,
,,,,,,,,,,,,,,,,,,,,,,,,
,,,,,,,,,,,,,,,,,,,,,,,,
,,,,,,,,,,,,,,,,,,,,,,,,
,,,,,,,,,,,,,,,,,,,,,,,,
,,,,,,,,,,,,,,,,,,,,,,,,
,,,,,,,,,,,,,,,,,,,,,,,,
,,,,,,,,,,,,,,,,,,,,,,,,
,,,,,,,,,,,,,,,,,,,,,,,,
,,,,,,,,,,,,,,,,,,,,,,,,
,,,,,,,,,,,,,,,,,,,,,,,,
,,,,,,,,,,,,,,,,,,,,,,,,
,,,,,,,,,,,,,,,,,,,,,,,,
,,,,,,,,,,,,,,,,,,,,,,,,
,,,,,,,,,,,,,,,,,,,,,,,,
,,,,,,,,,,,,,,,,,,,,,,,,
,,,,,,,,,,,,,,,,,,,,,,,,
,,,,,,,,,,,,,,,,,,,,,,,,
,,,,,,,,,,,,,,,,,,,,,,,,
,,,,,,,,,,,,,,,,,,,,,,,,
,,,,,,,,,,,,,,,,,,,,,,,,
,,,,,,,,,,,,,,,,,,,,,,,,
,,,,,,,,,,,,,,,,,,,,,,,,
,,,,,,,,,,,,,,,,,,,,,,,,
,,,,,,,,,,,,,,,,,,,,,,,,
,,,,,,,,,,,,,,,,,,,,,,,,
,,,,,,,,,,,,,,,,,,,,,,,,
,,,,,,,,,,,,,,,,,,,,,,,,
,,,,,,,,,,,,,,,,,,,,,,,,
,,,,,,,,,,,,,,,,,,,,,,,,
,,,,,,,,,,,,,,,,,,,,,,,,
,,,,,,,,,,,,,,,,,,,,,,,,
,,,,,,,,,,,,,,,,,,,,,,,,
,,,,,,,,,,,,,,,,,,,,,,,,
,,,,,,,,,,,,,,,,,,,,,,,,
,,,,,,,,,,,,,,,,,,,,,,,,
,,,,,,,,,,,,,,,,,,,,,,,,
,,,,,,,,,,,,,,,,,,,,,,,,
,,,,,,,,,,,,,,,,,,,,,,,,
,,,,,,,,,,,,,,,,,,,,,,,,
,,,,,,,,,,,,,,,,,,,,,,,,
,,,,,,,,,,,,,,,,,,,,,,,,
,,,,,,,,,,,,,,,,,,,,,,,,
,,,,,,,,,,,,,,,,,,,,,,,,
,,,,,,,,,,,,,,,,,,,,,,,,
,,,,,,,,,,,,,,,,,,,,,,,,
,,,,,,,,,,,,,,,,,,,,,,,,
,,,,,,,,,,,,,,,,,,,,,,,,
,,,,,,,,,,,,,,,,,,,,,,,,
,,,,,,,,,,,,,,,,,,,,,,,,
,,,,,,,,,,,,,,,,,,,,,,,,
,,,,,,,,,,,,,,,,,,,,,,,,
,,,,,,,,,,,,,,,,,,,,,,,,
,,,,,,,,,,,,,,,,,,,,,,,,
,,,,,,,,,,,,,,,,,,,,,,,,
,,,,,,,,,,,,,,,,,,,,,,,,
,,,,,,,,,,,,,,,,,,,,,,,,
,,,,,,,,,,,,,,,,,,,,,,,,
,,,,,,,,,,,,,,,,,,,,,,,,
,,,,,,,,,,,,,,,,,,,,,,,,
,,,,,,,,,,,,,,,,,,,,,,,,
,,,,,,,,,,,,,,,,,,,,,,,,
,,,,,,,,,,,,,,,,,,,,,,,,
,,,,,,,,,,,,,,,,,,,,,,,,
,,,,,,,,,,,,,,,,,,,,,,,,
,,,,,,,,,,,,,,,,,,,,,,,,
,,,,,,,,,,,,,,,,,,,,,,,,
,,,,,,,,,,,,,,,,,,,,,,,,
,,,,,,,,,,,,,,,,,,,,,,,,
,,,,,,,,,,,,,,,,,,,,,,,,
,,,,,,,,,,,,,,,,,,,,,,,,
,,,,,,,,,,,,,,,,,,,,,,,,
,,,,,,,,,,,,,,,,,,,,,,,,
,,,,,,,,,,,,,,,,,,,,,,,,
,,,,,,,,,,,,,,,,,,,,,,,,
,,,,,,,,,,,,,,,,,,,,,,,,
,,,,,,,,,,,,,,,,,,,,,,,,
,,,,,,,,,,,,,,,,,,,,,,,,
,,,,,,,,,,,,,,,,,,,,,,,,
,,,,,,,,,,,,,,,,,,,,,,,,
,,,,,,,,,,,,,,,,,,,,,,,,
,,,,,,,,,,,,,,,,,,,,,,,,
,,,,,,,,,,,,,,,,,,,,,,,,
,,,,,,,,,,,,,,,,,,,,,,,,
,,,,,,,,,,,,,,,,,,,,,,,,
,,,,,,,,,,,,,,,,,,,,,,,,
,,,,,,,,,,,,,,,,,,,,,,,,
,,,,,,,,,,,,,,,,,,,,,,,,
,,,,,,,,,,,,,,,,,,,,,,,,
,,,,,,,,,,,,,,,,,,,,,,,,
,,,,,,,,,,,,,,,,,,,,,,,,
,,,,,,,,,,,,,,,,,,,,,,,,
,,,,,,,,,,,,,,,,,,,,,,,,
,,,,,,,,,,,,,,,,,,,,,,,,
,,,,,,,,,,,,,,,,,,,,,,,,
,,,,,,,,,,,,,,,,,,,,,,,,
,,,,,,,,,,,,,,,,,,,,,,,,
,,,,,,,,,,,,,,,,,,,,,,,,
,,,,,,,,,,,,,,,,,,,,,,,,
,,,,,,,,,,,,,,,,,,,,,,,,
,,,,,,,,,,,,,,,,,,,,,,,,
,,,,,,,,,,,,,,,,,,,,,,,,
,,,,,,,,,,,,,,,,,,,,,,,,
,,,,,,,,,,,,,,,,,,,,,,,,
,,,,,,,,,,,,,,,,,,,,,,,,
,,,,,,,,,,,,,,,,,,,,,,,,
,,,,,,,,,,,,,,,,,,,,,,,,
,,,,,,,,,,,,,,,,,,,,,,,,
,,,,,,,,,,,,,,,,,,,,,,,,
,,,,,,,,,,,,,,,,,,,,,,,,
,,,,,,,,,,,,,,,,,,,,,,,,
,,,,,,,,,,,,,,,,,,,,,,,,
,,,,,,,,,,,,,,,,,,,,,,,,
,,,,,,,,,,,,,,,,,,,,,,,,
,,,,,,,,,,,,,,,,,,,,,,,,
,,,,,,,,,,,,,,,,,,,,,,,,
,,,,,,,,,,,,,,,,,,,,,,,,
,,,,,,,,,,,,,,,,,,,,,,,,
,,,,,,,,,,,,,,,,,,,,,,,,
,,,,,,,,,,,,,,,,,,,,,,,,
,,,,,,,,,,,,,,,,,,,,,,,,
,,,,,,,,,,,,,,,,,,,,,,,,
,,,,,,,,,,,,,,,,,,,,,,,,
,,,,,,,,,,,,,,,,,,,,,,,,
,,,,,,,,,,,,,,,,,,,,,,,,
,,,,,,,,,,,,,,,,,,,,,,,,
,,,,,,,,,,,,,,,,,,,,,,,,
,,,,,,,,,,,,,,,,,,,,,,,,
,,,,,,,,,,,,,,,,,,,,,,,,
,,,,,,,,,,,,,,,,,,,,,,,,
,,,,,,,,,,,,,,,,,,,,,,,,
,,,,,,,,,,,,,,,,,,,,,,,,
,,,,,,,,,,,,,,,,,,,,,,,,
,,,,,,,,,,,,,,,,,,,,,,,,
,,,,,,,,,,,,,,,,,,,,,,,,
,,,,,,,,,,,,,,,,,,,,,,,,
,,,,,,,,,,,,,,,,,,,,,,,,
,,,,,,,,,,,,,,,,,,,,,,,,
,,,,,,,,,,,,,,,,,,,,,,,,
,,,,,,,,,,,,,,,,,,,,,,,,
,,,,,,,,,,,,,,,,,,,,,,,,
,,,,,,,,,,,,,,,,,,,,,,,,
,,,,,,,,,,,,,,,,,,,,,,,,
,,,,,,,,,,,,,,,,,,,,,,,,
,,,,,,,,,,,,,,,,,,,,,,,,
,,,,,,,,,,,,,,,,,,,,,,,,
,,,,,,,,,,,,,,,,,,,,,,,,
,,,,,,,,,,,,,,,,,,,,,,,,
,,,,,,,,,,,,,,,,,,,,,,,,
,,,,,,,,,,,,,,,,,,,,,,,,
,,,,,,,,,,,,,,,,,,,,,,,,
,,,,,,,,,,,,,,,,,,,,,,,,
,,,,,,,,,,,,,,,,,,,,,,,,
,,,,,,,,,,,,,,,,,,,,,,,,
,,,,,,,,,,,,,,,,,,,,,,,,
,,,,,,,,,,,,,,,,,,,,,,,,
,,,,,,,,,,,,,,,,,,,,,,,,
,,,,,,,,,,,,,,,,,,,,,,,,
,,,,,,,,,,,,,,,,,,,,,,,,
,,,,,,,,,,,,,,,,,,,,,,,,
,,,,,,,,,,,,,,,,,,,,,,,,
,,,,,,,,,,,,,,,,,,,,,,,,
,,,,,,,,,,,,,,,,,,,,,,,,
,,,,,,,,,,,,,,,,,,,,,,,,
,,,,,,,,,,,,,,,,,,,,,,,,
,,,,,,,,,,,,,,,,,,,,,,,,
,,,,,,,,,,,,,,,,,,,,,,,,
,,,,,,,,,,,,,,,,,,,,,,,,
,,,,,,,,,,,,,,,,,,,,,,,,
,,,,,,,,,,,,,,,,,,,,,,,,
,,,,,,,,,,,,,,,,,,,,,,,,
,,,,,,,,,,,,,,,,,,,,,,,,
,,,,,,,,,,,,,,,,,,,,,,,,
,,,,,,,,,,,,,,,,,,,,,,,,
,,,,,,,,,,,,,,,,,,,,,,,,
,,,,,,,,,,,,,,,,,,,,,,,,
,,,,,,,,,,,,,,,,,,,,,,,,
,,,,,,,,,,,,,,,,,,,,,,,,
,,,,,,,,,,,,,,,,,,,,,,,,
,,,,,,,,,,,,,,,,,,,,,,,,
,,,,,,,,,,,,,,,,,,,,,,,,
,,,,,,,,,,,,,,,,,,,,,,,,
,,,,,,,,,,,,,,,,,,,,,,,,
,,,,,,,,,,,,,,,,,,,,,,,,
,,,,,,,,,,,,,,,,,,,,,,,,
,,,,,,,,,,,,,,,,,,,,,,,,
,,,,,,,,,,,,,,,,,,,,,,,,
,,,,,,,,,,,,,,,,,,,,,,,,
,,,,,,,,,,,,,,,,,,,,,,,,
,,,,,,,,,,,,,,,,,,,,,,,,
,,,,,,,,,,,,,,,,,,,,,,,,
,,,,,,,,,,,,,,,,,,,,,,,,
,,,,,,,,,,,,,,,,,,,,,,,,
,,,,,,,,,,,,,,,,,,,,,,,,
,,,,,,,,,,,,,,,,,,,,,,,,
,,,,,,,,,,,,,,,,,,,,,,,,
,,,,,,,,,,,,,,,,,,,,,,,,
,,,,,,,,,,,,,,,,,,,,,,,,
,,,,,,,,,,,,,,,,,,,,,,,,
,,,,,,,,,,,,,,,,,,,,,,,,
,,,,,,,,,,,,,,,,,,,,,,,,
,,,,,,,,,,,,,,,,,,,,,,,,
,,,,,,,,,,,,,,,,,,,,,,,,
,,,,,,,,,,,,,,,,,,,,,,,,
,,,,,,,,,,,,,,,,,,,,,,,,
,,,,,,,,,,,,,,,,,,,,,,,,
,,,,,,,,,,,,,,,,,,,,,,,,
,,,,,,,,,,,,,,,,,,,,,,,,
,,,,,,,,,,,,,,,,,,,,,,,,
,,,,,,,,,,,,,,,,,,,,,,,,
,,,,,,,,,,,,,,,,,,,,,,,,
,,,,,,,,,,,,,,,,,,,,,,,,
,,,,,,,,,,,,,,,,,,,,,,,,
,,,,,,,,,,,,,,,,,,,,,,,,
,,,,,,,,,,,,,,,,,,,,,,,,
,,,,,,,,,,,,,,,,,,,,,,,,
,,,,,,,,,,,,,,,,,,,,,,,,
,,,,,,,,,,,,,,,,,,,,,,,,
,,,,,,,,,,,,,,,,,,,,,,,,
,,,,,,,,,,,,,,,,,,,,,,,,
,,,,,,,,,,,,,,,,,,,,,,,,
,,,,,,,,,,,,,,,,,,,,,,,,
,,,,,,,,,,,,,,,,,,,,,,,,
,,,,,,,,,,,,,,,,,,,,,,,,
,,,,,,,,,,,,,,,,,,,,,,,,
,,,,,,,,,,,,,,,,,,,,,,,,
,,,,,,,,,,,,,,,,,,,,,,,,
,,,,,,,,,,,,,,,,,,,,,,,,
,,,,,,,,,,,,,,,,,,,,,,,,
,,,,,,,,,,,,,,,,,,,,,,,,
,,,,,,,,,,,,,,,,,,,,,,,,
,,,,,,,,,,,,,,,,,,,,,,,,
,,,,,,,,,,,,,,,,,,,,,,,,
,,,,,,,,,,,,,,,,,,,,,,,,
,,,,,,,,,,,,,,,,,,,,,,,,
,,,,,,,,,,,,,,,,,,,,,,,,
,,,,,,,,,,,,,,,,,,,,,,,,
,,,,,,,,,,,,,,,,,,,,,,,,
,,,,,,,,,,,,,,,,,,,,,,,,
,,,,,,,,,,,,,,,,,,,,,,,,
,,,,,,,,,,,,,,,,,,,,,,,,
,,,,,,,,,,,,,,,,,,,,,,,,
,,,,,,,,,,,,,,,,,,,,,,,,
,,,,,,,,,,,,,,,,,,,,,,,,
,,,,,,,,,,,,,,,,,,,,,,,,
,,,,,,,,,,,,,,,,,,,,,,,,
,,,,,,,,,,,,,,,,,,,,,,,,
,,,,,,,,,,,,,,,,,,,,,,,,
,,,,,,,,,,,,,,,,,,,,,,,,
,,,,,,,,,,,,,,,,,,,,,,,,
,,,,,,,,,,,,,,,,,,,,,,,,
,,,,,,,,,,,,,,,,,,,,,,,,
,,,,,,,,,,,,,,,,,,,,,,,,
,,,,,,,,,,,,,,,,,,,,,,,,
,,,,,,,,,,,,,,,,,,,,,,,,
,,,,,,,,,,,,,,,,,,,,,,,,
,,,,,,,,,,,,,,,,,,,,,,,,
,,,,,,,,,,,,,,,,,,,,,,,,
,,,,,,,,,,,,,,,,,,,,,,,,
,,,,,,,,,,,,,,,,,,,,,,,,
,,,,,,,,,,,,,,,,,,,,,,,,
,,,,,,,,,,,,,,,,,,,,,,,,
,,,,,,,,,,,,,,,,,,,,,,,,
,,,,,,,,,,,,,,,,,,,,,,,,
,,,,,,,,,,,,,,,,,,,,,,,,
,,,,,,,,,,,,,,,,,,,,,,,,
,,,,,,,,,,,,,,,,,,,,,,,,
,,,,,,,,,,,,,,,,,,,,,,,,
,,,,,,,,,,,,,,,,,,,,,,,,
,,,,,,,,,,,,,,,,,,,,,,,,
,,,,,,,,,,,,,,,,,,,,,,,,
,,,,,,,,,,,,,,,,,,,,,,,,
,,,,,,,,,,,,,,,,,,,,,,,,
,,,,,,,,,,,,,,,,,,,,,,,,
,,,,,,,,,,,,,,,,,,,,,,,,
,,,,,,,,,,,,,,,,,,,,,,,,
,,,,,,,,,,,,,,,,,,,,,,,,
,,,,,,,,,,,,,,,,,,,,,,,,
,,,,,,,,,,,,,,,,,,,,,,,,
,,,,,,,,,,,,,,,,,,,,,,,,
,,,,,,,,,,,,,,,,,,,,,,,,
,,,,,,,,,,,,,,,,,,,,,,,,
,,,,,,,,,,,,,,,,,,,,,,,,
,,,,,,,,,,,,,,,,,,,,,,,,
,,,,,,,,,,,,,,,,,,,,,,,,
,,,,,,,,,,,,,,,,,,,,,,,,
,,,,,,,,,,,,,,,,,,,,,,,,
,,,,,,,,,,,,,,,,,,,,,,,,
,,,,,,,,,,,,,,,,,,,,,,,,
,,,,,,,,,,,,,,,,,,,,,,,,
,,,,,,,,,,,,,,,,,,,,,,,,
,,,,,,,,,,,,,,,,,,,,,,,,
,,,,,,,,,,,,,,,,,,,,,,,,
,,,,,,,,,,,,,,,,,,,,,,,,
,,,,,,,,,,,,,,,,,,,,,,,,
,,,,,,,,,,,,,,,,,,,,,,,,
,,,,,,,,,,,,,,,,,,,,,,,,
,,,,,,,,,,,,,,,,,,,,,,,,
,,,,,,,,,,,,,,,,,,,,,,,,
,,,,,,,,,,,,,,,,,,,,,,,,
,,,,,,,,,,,,,,,,,,,,,,,,
,,,,,,,,,,,,,,,,,,,,,,,,
,,,,,,,,,,,,,,,,,,,,,,,,
,,,,,,,,,,,,,,,,,,,,,,,,
,,,,,,,,,,,,,,,,,,,,,,,,
,,,,,,,,,,,,,,,,,,,,,,,,
,,,,,,,,,,,,,,,,,,,,,,,,
,,,,,,,,,,,,,,,,,,,,,,,,
,,,,,,,,,,,,,,,,,,,,,,,,
,,,,,,,,,,,,,,,,,,,,,,,,
,,,,,,,,,,,,,,,,,,,,,,,,
,,,,,,,,,,,,,,,,,,,,,,,,
,,,,,,,,,,,,,,,,,,,,,,,,
,,,,,,,,,,,,,,,,,,,,,,,,
,,,,,,,,,,,,,,,,,,,,,,,,
,,,,,,,,,,,,,,,,,,,,,,,,
,,,,,,,,,,,,,,,,,,,,,,,,
,,,,,,,,,,,,,,,,,,,,,,,,
,,,,,,,,,,,,,,,,,,,,,,,,
,,,,,,,,,,,,,,,,,,,,,,,,
,,,,,,,,,,,,,,,,,,,,,,,,
,,,,,,,,,,,,,,,,,,,,,,,,
,,,,,,,,,,,,,,,,,,,,,,,,
,,,,,,,,,,,,,,,,,,,,,,,,
,,,,,,,,,,,,,,,,,,,,,,,,
,,,,,,,,,,,,,,,,,,,,,,,,
,,,,,,,,,,,,,,,,,,,,,,,,
,,,,,,,,,,,,,,,,,,,,,,,,
,,,,,,,,,,,,,,,,,,,,,,,,
,,,,,,,,,,,,,,,,,,,,,,,,
,,,,,,,,,,,,,,,,,,,,,,,,
,,,,,,,,,,,,,,,,,,,,,,,,
,,,,,,,,,,,,,,,,,,,,,,,,
,,,,,,,,,,,,,,,,,,,,,,,,
,,,,,,,,,,,,,,,,,,,,,,,,
,,,,,,,,,,,,,,,,,,,,,,,,
,,,,,,,,,,,,,,,,,,,,,,,,
,,,,,,,,,,,,,,,,,,,,,,,,
,,,,,,,,,,,,,,,,,,,,,,,,
,,,,,,,,,,,,,,,,,,,,,,,,
,,,,,,,,,,,,,,,,,,,,,,,,
,,,,,,,,,,,,,,,,,,,,,,,,
,,,,,,,,,,,,,,,,,,,,,,,,
,,,,,,,,,,,,,,,,,,,,,,,,
,,,,,,,,,,,,,,,,,,,,,,,,
,,,,,,,,,,,,,,,,,,,,,,,,
,,,,,,,,,,,,,,,,,,,,,,,,
,,,,,,,,,,,,,,,,,,,,,,,,
,,,,,,,,,,,,,,,,,,,,,,,,
,,,,,,,,,,,,,,,,,,,,,,,,
,,,,,,,,,,,,,,,,,,,,,,,,
,,,,,,,,,,,,,,,,,,,,,,,,
,,,,,,,,,,,,,,,,,,,,,,,,
,,,,,,,,,,,,,,,,,,,,,,,,
,,,,,,,,,,,,,,,,,,,,,,,,
,,,,,,,,,,,,,,,,,,,,,,,,
,,,,,,,,,,,,,,,,,,,,,,,,
,,,,,,,,,,,,,,,,,,,,,,,,
,,,,,,,,,,,,,,,,,,,,,,,,
,,,,,,,,,,,,,,,,,,,,,,,,
,,,,,,,,,,,,,,,,,,,,,,,,
,,,,,,,,,,,,,,,,,,,,,,,,
,,,,,,,,,,,,,,,,,,,,,,,,
,,,,,,,,,,,,,,,,,,,,,,,,
,,,,,,,,,,,,,,,,,,,,,,,,
,,,,,,,,,,,,,,,,,,,,,,,,
,,,,,,,,,,,,,,,,,,,,,,,,
,,,,,,,,,,,,,,,,,,,,,,,,
,,,,,,,,,,,,,,,,,,,,,,,,
,,,,,,,,,,,,,,,,,,,,,,,,
,,,,,,,,,,,,,,,,,,,,,,,,
,,,,,,,,,,,,,,,,,,,,,,,,
,,,,,,,,,,,,,,,,,,,,,,,,
,,,,,,,,,,,,,,,,,,,,,,,,
,,,,,,,,,,,,,,,,,,,,,,,,
,,,,,,,,,,,,,,,,,,,,,,,,
,,,,,,,,,,,,,,,,,,,,,,,,
,,,,,,,,,,,,,,,,,,,,,,,,
,,,,,,,,,,,,,,,,,,,,,,,,
,,,,,,,,,,,,,,,,,,,,,,,,
,,,,,,,,,,,,,,,,,,,,,,,,
,,,,,,,,,,,,,,,,,,,,,,,,
,,,,,,,,,,,,,,,,,,,,,,,,
,,,,,,,,,,,,,,,,,,,,,,,,
,,,,,,,,,,,,,,,,,,,,,,,,
,,,,,,,,,,,,,,,,,,,,,,,,
,,,,,,,,,,,,,,,,,,,,,,,,
,,,,,,,,,,,,,,,,,,,,,,,,
,,,,,,,,,,,,,,,,,,,,,,,,
,,,,,,,,,,,,,,,,,,,,,,,,
,,,,,,,,,,,,,,,,,,,,,,,,
,,,,,,,,,,,,,,,,,,,,,,,,
,,,,,,,,,,,,,,,,,,,,,,,,
,,,,,,,,,,,,,,,,,,,,,,,,
,,,,,,,,,,,,,,,,,,,,,,,,
,,,,,,,,,,,,,,,,,,,,,,,,
,,,,,,,,,,,,,,,,,,,,,,,,
,,,,,,,,,,,,,,,,,,,,,,,,
,,,,,,,,,,,,,,,,,,,,,,,,
,,,,,,,,,,,,,,,,,,,,,,,,
,,,,,,,,,,,,,,,,,,,,,,,,
,,,,,,,,,,,,,,,,,,,,,,,,
,,,,,,,,,,,,,,,,,,,,,,,,
,,,,,,,,,,,,,,,,,,,,,,,,
,,,,,,,,,,,,,,,,,,,,,,,,
,,,,,,,,,,,,,,,,,,,,,,,,
,,,,,,,,,,,,,,,,,,,,,,,,
,,,,,,,,,,,,,,,,,,,,,,,,
,,,,,,,,,,,,,,,,,,,,,,,,
,,,,,,,,,,,,,,,,,,,,,,,,
,,,,,,,,,,,,,,,,,,,,,,,,
,,,,,,,,,,,,,,,,,,,,,,,,
,,,,,,,,,,,,,,,,,,,,,,,,
,,,,,,,,,,,,,,,,,,,,,,,,
,,,,,,,,,,,,,,,,,,,,,,,,
,,,,,,,,,,,,,,,,,,,,,,,,
,,,,,,,,,,,,,,,,,,,,,,,,
,,,,,,,,,,,,,,,,,,,,,,,,
,,,,,,,,,,,,,,,,,,,,,,,,
,,,,,,,,,,,,,,,,,,,,,,,,
,,,,,,,,,,,,,,,,,,,,,,,,
,,,,,,,,,,,,,,,,,,,,,,,,
,,,,,,,,,,,,,,,,,,,,,,,,
,,,,,,,,,,,,,,,,,,,,,,,,
,,,,,,,,,,,,,,,,,,,,,,,,
,,,,,,,,,,,,,,,,,,,,,,,,
,,,,,,,,,,,,,,,,,,,,,,,,
,,,,,,,,,,,,,,,,,,,,,,,,
,,,,,,,,,,,,,,,,,,,,,,,,
,,,,,,,,,,,,,,,,,,,,,,,,
,,,,,,,,,,,,,,,,,,,,,,,,
,,,,,,,,,,,,,,,,,,,,,,,,
,,,,,,,,,,,,,,,,,,,,,,,,
,,,,,,,,,,,,,,,,,,,,,,,,
,,,,,,,,,,,,,,,,,,,,,,,,
,,,,,,,,,,,,,,,,,,,,,,,,
,,,,,,,,,,,,,,,,,,,,,,,,
,,,,,,,,,,,,,,,,,,,,,,,,
,,,,,,,,,,,,,,,,,,,,,,,,
,,,,,,,,,,,,,,,,,,,,,,,,
,,,,,,,,,,,,,,,,,,,,,,,,
,,,,,,,,,,,,,,,,,,,,,,,,
,,,,,,,,,,,,,,,,,,,,,,,,
,,,,,,,,,,,,,,,,,,,,,,,,
,,,,,,,,,,,,,,,,,,,,,,,,
,,,,,,,,,,,,,,,,,,,,,,,,
,,,,,,,,,,,,,,,,,,,,,,,,
,,,,,,,,,,,,,,,,,,,,,,,,
,,,,,,,,,,,,,,,,,,,,,,,,
,,,,,,,,,,,,,,,,,,,,,,,,
,,,,,,,,,,,,,,,,,,,,,,,,
,,,,,,,,,,,,,,,,,,,,,,,,
,,,,,,,,,,,,,,,,,,,,,,,,
,,,,,,,,,,,,,,,,,,,,,,,,
,,,,,,,,,,,,,,,,,,,,,,,,
,,,,,,,,,,,,,,,,,,,,,,,,
,,,,,,,,,,,,,,,,,,,,,,,,
,,,,,,,,,,,,,,,,,,,,,,,,
,,,,,,,,,,,,,,,,,,,,,,,,
,,,,,,,,,,,,,,,,,,,,,,,,
,,,,,,,,,,,,,,,,,,,,,,,,
,,,,,,,,,,,,,,,,,,,,,,,,
,,,,,,,,,,,,,,,,,,,,,,,,
,,,,,,,,,,,,,,,,,,,,,,,,
,,,,,,,,,,,,,,,,,,,,,,,,
,,,,,,,,,,,,,,,,,,,,,,,,
,,,,,,,,,,,,,,,,,,,,,,,,
,,,,,,,,,,,,,,,,,,,,,,,,
,,,,,,,,,,,,,,,,,,,,,,,,
,,,,,,,,,,,,,,,,,,,,,,,,
,,,,,,,,,,,,,,,,,,,,,,,,
,,,,,,,,,,,,,,,,,,,,,,,,
,,,,,,,,,,,,,,,,,,,,,,,,
,,,,,,,,,,,,,,,,,,,,,,,,
,,,,,,,,,,,,,,,,,,,,,,,,
,,,,,,,,,,,,,,,,,,,,,,,,
,,,,,,,,,,,,,,,,,,,,,,,,
,,,,,,,,,,,,,,,,,,,,,,,,
,,,,,,,,,,,,,,,,,,,,,,,,
,,,,,,,,,,,,,,,,,,,,,,,,
,,,,,,,,,,,,,,,,,,,,,,,,
,,,,,,,,,,,,,,,,,,,,,,,,
,,,,,,,,,,,,,,,,,,,,,,,,
,,,,,,,,,,,,,,,,,,,,,,,,
,,,,,,,,,,,,,,,,,,,,,,,,
,,,,,,,,,,,,,,,,,,,,,,,,
,,,,,,,,,,,,,,,,,,,,,,,,
,,,,,,,,,,,,,,,,,,,,,,,,
,,,,,,,,,,,,,,,,,,,,,,,,
,,,,,,,,,,,,,,,,,,,,,,,,
,,,,,,,,,,,,,,,,,,,,,,,,
,,,,,,,,,,,,,,,,,,,,,,,,
,,,,,,,,,,,,,,,,,,,,,,,,
,,,,,,,,,,,,,,,,,,,,,,,,
,,,,,,,,,,,,,,,,,,,,,,,,
,,,,,,,,,,,,,,,,,,,,,,,,
,,,,,,,,,,,,,,,,,,,,,,,,
,,,,,,,,,,,,,,,,,,,,,,,,
,,,,,,,,,,,,,,,,,,,,,,,,
,,,,,,,,,,,,,,,,,,,,,,,,
,,,,,,,,,,,,,,,,,,,,,,,,
,,,,,,,,,,,,,,,,,,,,,,,,
,,,,,,,,,,,,,,,,,,,,,,,,
,,,,,,,,,,,,,,,,,,,,,,,,
,,,,,,,,,,,,,,,,,,,,,,,,
,,,,,,,,,,,,,,,,,,,,,,,,
,,,,,,,,,,,,,,,,,,,,,,,,
,,,,,,,,,,,,,,,,,,,,,,,,
,,,,,,,,,,,,,,,,,,,,,,,,
,,,,,,,,,,,,,,,,,,,,,,,,
,,,,,,,,,,,,,,,,,,,,,,,,
,,,,,,,,,,,,,,,,,,,,,,,,
,,,,,,,,,,,,,,,,,,,,,,,,
,,,,,,,,,,,,,,,,,,,,,,,,
,,,,,,,,,,,,,,,,,,,,,,,,
,,,,,,,,,,,,,,,,,,,,,,,,
,,,,,,,,,,,,,,,,,,,,,,,,
,,,,,,,,,,,,,,,,,,,,,,,,
,,,,,,,,,,,,,,,,,,,,,,,,
,,,,,,,,,,,,,,,,,,,,,,,,
,,,,,,,,,,,,,,,,,,,,,,,,
,,,,,,,,,,,,,,,,,,,,,,,,
,,,,,,,,,,,,,,,,,,,,,,,,
,,,,,,,,,,,,,,,,,,,,,,,,
,,,,,,,,,,,,,,,,,,,,,,,,
,,,,,,,,,,,,,,,,,,,,,,,,
,,,,,,,,,,,,,,,,,,,,,,,,
,,,,,,,,,,,,,,,,,,,,,,,,
,,,,,,,,,,,,,,,,,,,,,,,,
,,,,,,,,,,,,,,,,,,,,,,,,
,,,,,,,,,,,,,,,,,,,,,,,,
,,,,,,,,,,,,,,,,,,,,,,,,
,,,,,,,,,,,,,,,,,,,,,,,,
,,,,,,,,,,,,,,,,,,,,,,,,
,,,,,,,,,,,,,,,,,,,,,,,,
,,,,,,,,,,,,,,,,,,,,,,,,
,,,,,,,,,,,,,,,,,,,,,,,,
,,,,,,,,,,,,,,,,,,,,,,,,
,,,,,,,,,,,,,,,,,,,,,,,,
,,,,,,,,,,,,,,,,,,,,,,,,
,,,,,,,,,,,,,,,,,,,,,,,,
,,,,,,,,,,,,,,,,,,,,,,,,
,,,,,,,,,,,,,,,,,,,,,,,,
,,,,,,,,,,,,,,,,,,,,,,,,
,,,,,,,,,,,,,,,,,,,,,,,,
,,,,,,,,,,,,,,,,,,,,,,,,
,,,,,,,,,,,,,,,,,,,,,,,,
,,,,,,,,,,,,,,,,,,,,,,,,
,,,,,,,,,,,,,,,,,,,,,,,,
,,,,,,,,,,,,,,,,,,,,,,,,
,,,,,,,,,,,,,,,,,,,,,,,,
,,,,,,,,,,,,,,,,,,,,,,,,
,,,,,,,,,,,,,,,,,,,,,,,,
,,,,,,,,,,,,,,,,,,,,,,,,
,,,,,,,,,,,,,,,,,,,,,,,,
,,,,,,,,,,,,,,,,,,,,,,,,
,,,,,,,,,,,,,,,,,,,,,,,,
,,,,,,,,,,,,,,,,,,,,,,,,
,,,,,,,,,,,,,,,,,,,,,,,,
,,,,,,,,,,,,,,,,,,,,,,,,
,,,,,,,,,,,,,,,,,,,,,,,,
,,,,,,,,,,,,,,,,,,,,,,,,
,,,,,,,,,,,,,,,,,,,,,,,,
,,,,,,,,,,,,,,,,,,,,,,,,
,,,,,,,,,,,,,,,,,,,,,,,,
,,,,,,,,,,,,,,,,,,,,,,,,
,,,,,,,,,,,,,,,,,,,,,,,,
,,,,,,,,,,,,,,,,,,,,,,,,
,,,,,,,,,,,,,,,,,,,,,,,,
,,,,,,,,,,,,,,,,,,,,,,,,
,,,,,,,,,,,,,,,,,,,,,,,,
,,,,,,,,,,,,,,,,,,,,,,,,
,,,,,,,,,,,,,,,,,,,,,,,,
,,,,,,,,,,,,,,,,,,,,,,,,
,,,,,,,,,,,,,,,,,,,,,,,,
,,,,,,,,,,,,,,,,,,,,,,,,
,,,,,,,,,,,,,,,,,,,,,,,,
,,,,,,,,,,,,,,,,,,,,,,,,
,,,,,,,,,,,,,,,,,,,,,,,,
,,,,,,,,,,,,,,,,,,,,,,,,
,,,,,,,,,,,,,,,,,,,,,,,,
,,,,,,,,,,,,,,,,,,,,,,,,
,,,,,,,,,,,,,,,,,,,,,,,,
,,,,,,,,,,,,,,,,,,,,,,,,
,,,,,,,,,,,,,,,,,,,,,,,,
,,,,,,,,,,,,,,,,,,,,,,,,
,,,,,,,,,,,,,,,,,,,,,,,,
,,,,,,,,,,,,,,,,,,,,,,,,
,,,,,,,,,,,,,,,,,,,,,,,,
,,,,,,,,,,,,,,,,,,,,,,,,
,,,,,,,,,,,,,,,,,,,,,,,,
,,,,,,,,,,,,,,,,,,,,,,,,
,,,,,,,,,,,,,,,,,,,,,,,,
,,,,,,,,,,,,,,,,,,,,,,,,
,,,,,,,,,,,,,,,,,,,,,,,,
,,,,,,,,,,,,,,,,,,,,,,,,
,,,,,,,,,,,,,,,,,,,,,,,,
,,,,,,,,,,,,,,,,,,,,,,,,
,,,,,,,,,,,,,,,,,,,,,,,,
,,,,,,,,,,,,,,,,,,,,,,,,
,,,,,,,,,,,,,,,,,,,,,,,,
,,,,,,,,,,,,,,,,,,,,,,,,
,,,,,,,,,,,,,,,,,,,,,,,,
,,,,,,,,,,,,,,,,,,,,,,,,
,,,,,,,,,,,,,,,,,,,,,,,,
,,,,,,,,,,,,,,,,,,,,,,,,
,,,,,,,,,,,,,,,,,,,,,,,,
,,,,,,,,,,,,,,,,,,,,,,,,
,,,,,,,,,,,,,,,,,,,,,,,,
,,,,,,,,,,,,,,,,,,,,,,,,
,,,,,,,,,,,,,,,,,,,,,,,,
,,,,,,,,,,,,,,,,,,,,,,,,
,,,,,,,,,,,,,,,,,,,,,,,,
,,,,,,,,,,,,,,,,,,,,,,,,
,,,,,,,,,,,,,,,,,,,,,,,,
,,,,,,,,,,,,,,,,,,,,,,,,
,,,,,,,,,,,,,,,,,,,,,,,,
,,,,,,,,,,,,,,,,,,,,,,,,
,,,,,,,,,,,,,,,,,,,,,,,,
,,,,,,,,,,,,,,,,,,,,,,,,
,,,,,,,,,,,,,,,,,,,,,,,,
,,,,,,,,,,,,,,,,,,,,,,,,
,,,,,,,,,,,,,,,,,,,,,,,,
,,,,,,,,,,,,,,,,,,,,,,,,
,,,,,,,,,,,,,,,,,,,,,,,,
,,,,,,,,,,,,,,,,,,,,,,,,
,,,,,,,,,,,,,,,,,,,,,,,,
,,,,,,,,,,,,,,,,,,,,,,,,
,,,,,,,,,,,,,,,,,,,,,,,,
,,,,,,,,,,,,,,,,,,,,,,,,
,,,,,,,,,,,,,,,,,,,,,,,,
,,,,,,,,,,,,,,,,,,,,,,,,
,,,,,,,,,,,,,,,,,,,,,,,,
,,,,,,,,,,,,,,,,,,,,,,,,
,,,,,,,,,,,,,,,,,,,,,,,,
,,,,,,,,,,,,,,,,,,,,,,,,
,,,,,,,,,,,,,,,,,,,,,,,,
,,,,,,,,,,,,,,,,,,,,,,,,
,,,,,,,,,,,,,,,,,,,,,,,,
,,,,,,,,,,,,,,,,,,,,,,,,
,,,,,,,,,,,,,,,,,,,,,,,,
,,,,,,,,,,,,,,,,,,,,,,,,
,,,,,,,,,,,,,,,,,,,,,,,,
,,,,,,,,,,,,,,,,,,,,,,,,
,,,,,,,,,,,,,,,,,,,,,,,,
,,,,,,,,,,,,,,,,,,,,,,,,
,,,,,,,,,,,,,,,,,,,,,,,,
,,,,,,,,,,,,,,,,,,,,,,,,
,,,,,,,,,,,,,,,,,,,,,,,,
,,,,,,,,,,,,,,,,,,,,,,,,
,,,,,,,,,,,,,,,,,,,,,,,,
,,,,,,,,,,,,,,,,,,,,,,,,
,,,,,,,,,,,,,,,,,,,,,,,,
,,,,,,,,,,,,,,,,,,,,,,,,
,,,,,,,,,,,,,,,,,,,,,,,,
,,,,,,,,,,,,,,,,,,,,,,,,
,,,,,,,,,,,,,,,,,,,,,,,,
,,,,,,,,,,,,,,,,,,,,,,,,
,,,,,,,,,,,,,,,,,,,,,,,,
,,,,,,,,,,,,,,,,,,,,,,,,
,,,,,,,,,,,,,,,,,,,,,,,,
,,,,,,,,,,,,,,,,,,,,,,,,
,,,,,,,,,,,,,,,,,,,,,,,,
,,,,,,,,,,,,,,,,,,,,,,,,
,,,,,,,,,,,,,,,,,,,,,,,,
,,,,,,,,,,,,,,,,,,,,,,,,
,,,,,,,,,,,,,,,,,,,,,,,,
,,,,,,,,,,,,,,,,,,,,,,,,
,,,,,,,,,,,,,,,,,,,,,,,,
,,,,,,,,,,,,,,,,,,,,,,,,
,,,,,,,,,,,,,,,,,,,,,,,,
,,,,,,,,,,,,,,,,,,,,,,,,
,,,,,,,,,,,,,,,,,,,,,,,,
,,,,,,,,,,,,,,,,,,,,,,,,
,,,,,,,,,,,,,,,,,,,,,,,,
,,,,,,,,,,,,,,,,,,,,,,,,
,,,,,,,,,,,,,,,,,,,,,,,,
,,,,,,,,,,,,,,,,,,,,,,,,
,,,,,,,,,,,,,,,,,,,,,,,,
,,,,,,,,,,,,,,,,,,,,,,,,
,,,,,,,,,,,,,,,,,,,,,,,,
,,,,,,,,,,,,,,,,,,,,,,,,
,,,,,,,,,,,,,,,,,,,,,,,,
,,,,,,,,,,,,,,,,,,,,,,,,
,,,,,,,,,,,,,,,,,,,,,,,,
,,,,,,,,,,,,,,,,,,,,,,,,
,,,,,,,,,,,,,,,,,,,,,,,,
,,,,,,,,,,,,,,,,,,,,,,,,
,,,,,,,,,,,,,,,,,,,,,,,,
,,,,,,,,,,,,,,,,,,,,,,,,
,,,,,,,,,,,,,,,,,,,,,,,,
,,,,,,,,,,,,,,,,,,,,,,,,
,,,,,,,,,,,,,,,,,,,,,,,,
,,,,,,,,,,,,,,,,,,,,,,,,
,,,,,,,,,,,,,,,,,,,,,,,,
,,,,,,,,,,,,,,,,,,,,,,,,
,,,,,,,,,,,,,,,,,,,,,,,,
,,,,,,,,,,,,,,,,,,,,,,,,
,,,,,,,,,,,,,,,,,,,,,,,,
,,,,,,,,,,,,,,,,,,,,,,,,
,,,,,,,,,,,,,,,,,,,,,,,,
,,,,,,,,,,,,,,,,,,,,,,,,
,,,,,,,,,,,,,,,,,,,,,,,,
,,,,,,,,,,,,,,,,,,,,,,,,
,,,,,,,,,,,,,,,,,,,,,,,,
,,,,,,,,,,,,,,,,,,,,,,,,
,,,,,,,,,,,,,,,,,,,,,,,,
,,,,,,,,,,,,,,,,,,,,,,,,
,,,,,,,,,,,,,,,,,,,,,,,,
,,,,,,,,,,,,,,,,,,,,,,,,
,,,,,,,,,,,,,,,,,,,,,,,,
,,,,,,,,,,,,,,,,,,,,,,,,
,,,,,,,,,,,,,,,,,,,,,,,,
,,,,,,,,,,,,,,,,,,,,,,,,
,,,,,,,,,,,,,,,,,,,,,,,,
,,,,,,,,,,,,,,,,,,,,,,,,
,,,,,,,,,,,,,,,,,,,,,,,,
,,,,,,,,,,,,,,,,,,,,,,,,
,,,,,,,,,,,,,,,,,,,,,,,,
,,,,,,,,,,,,,,,,,,,,,,,,
,,,,,,,,,,,,,,,,,,,,,,,,
,,,,,,,,,,,,,,,,,,,,,,,,
,,,,,,,,,,,,,,,,,,,,,,,,
,,,,,,,,,,,,,,,,,,,,,,,,
,,,,,,,,,,,,,,,,,,,,,,,,
,,,,,,,,,,,,,,,,,,,,,,,,
,,,,,,,,,,,,,,,,,,,,,,,,
,,,,,,,,,,,,,,,,,,,,,,,,
,,,,,,,,,,,,,,,,,,,,,,,,
,,,,,,,,,,,,,,,,,,,,,,,,
,,,,,,,,,,,,,,,,,,,,,,,,
,,,,,,,,,,,,,,,,,,,,,,,,
,,,,,,,,,,,,,,,,,,,,,,,,
,,,,,,,,,,,,,,,,,,,,,,,,
,,,,,,,,,,,,,,,,,,,,,,,,
,,,,,,,,,,,,,,,,,,,,,,,,
,,,,,,,,,,,,,,,,,,,,,,,,
,,,,,,,,,,,,,,,,,,,,,,,,
,,,,,,,,,,,,,,,,,,,,,,,,
,,,,,,,,,,,,,,,,,,,,,,,,
,,,,,,,,,,,,,,,,,,,,,,,,
,,,,,,,,,,,,,,,,,,,,,,,,
,,,,,,,,,,,,,,,,,,,,,,,,
,,,,,,,,,,,,,,,,,,,,,,,,
,,,,,,,,,,,,,,,,,,,,,,,,
,,,,,,,,,,,,,,,,,,,,,,,,
,,,,,,,,,,,,,,,,,,,,,,,,
,,,,,,,,,,,,,,,,,,,,,,,,
,,,,,,,,,,,,,,,,,,,,,,,,
,,,,,,,,,,,,,,,,,,,,,,,,
,,,,,,,,,,,,,,,,,,,,,,,,
,,,,,,,,,,,,,,,,,,,,,,,,
,,,,,,,,,,,,,,,,,,,,,,,,
,,,,,,,,,,,,,,,,,,,,,,,,
,,,,,,,,,,,,,,,,,,,,,,,,
,,,,,,,,,,,,,,,,,,,,,,,,
,,,,,,,,,,,,,,,,,,,,,,,,
